seq	row_max	ratiomax	rnatype	bactype
UGAAGCCGAUGCACCGUCGCUGAGCGGUCCUUUGGCGCCGU	0.73	0.2	mRNA	PAO1
CGGAUCAAGAGGUUAGGGGUUCGACUCCUCUCGGGCGCGCU	0.673	0.354	tRNA	BC
CAUGGGAGACACACGGCGGGUGCUAACGUCCGUCGUGAAAA	1	0.897	rRNA	PAO1
AACAGGUAGCCGGAGGAUGUUACAACCUCCUCCGGCAUCUU	0.508	0.25	mRNA	Ecoli
GUAACGCUGUAUAAUUCGCCUCCCGCUGAUGAGCAACUGAA	0.258	0.097	mRNA	PS
GCGCGUAGUCGGUGGCGGUGUCGGUGGUAUCACCGAGAGCG	0.117	0.034	mRNA	PS
GAGGCACUGCGCGAAUUUGUUACAGCCAAAUUUGCCAAACU	0.745	0.467	mRNA	Ecoli
UGGCCUCCGGUCAUCGCGGCUCUGCAAGAGCGUCAGAAGAA	0.103	0.035	mRNA	PAO1
GCCGAUGGUAGUGUGGGGUUUCCCCAUGUGAGAGUAGGUCA	0.248	0.026	mRNA	PS
UCGGCGAGCUGAACAUCCCUUCCCUGGAAGGCAUCGGCGGU	0.195	0.02	mRNA	PAO1
GUUAAAGUUGGUAGCCCAGUUGUAGAAGGUGCAACAGUUAC	0.075	0.022	mRNA	BC
AAGCCGGAAGCCAUGCGCGCUCUGGACGUACACGCGAAAGA	0.137	0.045	mRNA	PAO1
AUAGAGCGUUUGACUACGGAUCAAGAGGUUAGGGGUUCGAC	0.441	0.144	tRNA	BC
GGCGGUGUUUGGCACCUCGAUGUCGGCUCAUCACAUCCUGG	0.671	0.449	rRNA	kleb
GACGGAUUAAAGCGUCACGGUGUAGAAGAAAAUGAUAUUGA	0.058	0.03	mRNA	BC
GGUGGCAACACCGUGGAAGUUCGAGUCUUCUCCUGGGCACC	0.918	0.68	tRNA	PAO1
AGGACCGGAGUGGACGAACCUCUGGGUUCCGGUUGUCACGC	0.256	0.104	rRNA	PAO1
GCACGCAGGAGGUCAGCGGUUCGAUCCCGCUUGGCUCCACC	0.966	0.778	tRNA	PS
UUAAUCAGAGGGUCGAAGGUUCGAGUCCUUCAUGGCUCACC	0.825	0.529	tRNA	BC
AGGGUGUGACGCCUGCCCGGUGCCGGAAGGUUAAUUGAUGG	0.196	0.062	rRNA	PS
UUAGAACGUCGUGAGACAGUUCGGUCCCUAUCUCCGUGGAC	0.875	0.606	rRNA	PAO1
GCAGUUCGCCUUGGUCUUAUUGCAGAAGAACAAGGGAAAGC	0.44	0.117	mRNA	BC
CCCAAGCUUUAGUUGAGGGUUCGAUUCCCUCUACCCGCUCC	0.928	0.7	tRNA	PS
GUAAGGGUGAGGUCCCCAGUUCGACUCUGGGUAUCAGCACC	1	0.893	tRNA	kleb
AGGCUACACCCGCAAACAGGUUCGCCUGCUGUGCGAGUGGU	0.19	0.058	mRNA	kleb
GGUGCAGUGACUGCCGGGGUUGGCCCUGGCAGCACGGUUUA	0.186	0.053	mRNA	PS
CGAGCGGCAGCACGGGUACUUGUACCUGGUGGCGAGCGGCG	0.666	0.391	rRNA	PS
CUCAGCAGACGGCUGGUCCGUUGCGAUCCGCCUCACCCUGU	0.848	0.25	mRNA	PAO1
CGGUAAACGGCGGCCGUAACUAUAACGGUCCUAAGGUAGCG	0.667	0.181	rRNA	kleb
CAGCACCGUCACCGACCCGGUCGGCGCGCACCUGACGCCGA	0.375	0.104	mRNA	PAO1
UUGCCUUCAUGCAUGCCGCCUCUGCGUCAGAAGGCUGGUUC	0.133	0.05	mRNA	kleb
AUCCCGGUACACGAGAGUGCUCCGGAUGCGGACGCCUUGAU	0.162	0.053	mRNA	PS
CUGGUAGUGGGGGAUAACGCUCGGAAACGGACGCUAAUACC	0.521	0.143	rRNA	PS
AGCUGGGAGAGCGCCUGCUUUGCACGCAGGAGGUCUGCGGU	0.143	0.042	tRNA	kleb
GCACGCAGGAGGUCUGCGGUUCGAUCCCGCAUAGCUCCACC	1	0.898	tRNA	kleb
UCACGCAGGAGAUCGCCGGUUCGACCCCGGUCGGGACCGCC	0.864	0.588	tRNA	BC
AGGCUGUUUCGUUCGUUGGCUCUGAGCCGGUAGCUCGUUAC	0.062	0.023	mRNA	BC
CUCAAAAGGGUGUCGGGGGUUCGAAUCCCCCCCUCUCCGCC	0.896	0.64	tRNA	PAO1
CCUGACCGGCUGGGAGACCCUCUGCGAGAGCCAGCAGAACA	0.065	0.023	mRNA	PAO1
AUGUAGAGAAAUGGAACCACUGUAGGGUUUCAUUUCUCAUG	0.167	0.033	mRNA	BC
UUAGAACGUCGUGAGACAGUUCGGUCCCUAUCUGCCGUGGA	1	0.899	rRNA	PS
UGACUCCGUCAUGCGCUGGUUCGAAUCCAGCUAGCCCAGCC	0.936	0.714	tRNA	BC
UCUCACCGUAAAGCCAUGUUUCAAAACAUGGCGGUGUCGCU	0.138	0.026	mRNA	PS
GUACUCCGGGGAUAACAGGCUGAUACCGCCCAAGAGUUCAU	1	1	rRNA	Ecoli
UUUGGCACCUCGAUGUCGGCUCAUCACAUCCUGGGGCUGAA	0.186	0.029	rRNA	PAO1
CGGAAGUCAUCUCCACGUUCUCCGGCAAGCGUCUGUUCGGC	0.136	0.039	mRNA	PS
UCUGCACCUUCCCGGGCCACUCCGCGCUGAUGAAGGGCACC	0.197	0.025	mRNA	PAO1
UUUGAAGUUUCAUCGGAAGCUCUGGGCGGCUUUGCUGCUGC	0.743	0.4	mRNA	PS
GUAAUCAGUAGGUCACCAGUUCGAUUCCGGUAGUCGGCACC	0.987	0.827	tRNA	kleb
UCAGAACGUCGUGAGACAGUUCGGUCCCUAUCCGUCGUGGG	0.763	0.45	rRNA	BC
CUUUCGGUGGCAGGUGGCUUUUUUCUGGCUUCCAAGGGAAA	0.164	0.026	mRNA	PS
UGGGGGAAACCCCGUGGAGGUUCAAGUCCUCUCGGCCGCAU	1	0.84	tRNA	BC
CCAAGAUCGCCUUCACCGGUUCCACCCCGGUCGGCUCGCAC	0.646	0.283	mRNA	PAO1
AUACCCGUGAGGUCGGGGGUUCGAUCCCCUCCGCCGCUAUA	1	0.95	tRNA	BC
UCACGCAGGAGAUCGCCGGUUCGACCCCGGUCGGGACCGCC	0.843	0.556	tRNA	BC
GUACUCCGGGGAUAACAGGCUGAUACCGCCCAAGAGUUCAU	1	1	rRNA	Ecoli
GCAAAGUCCGCAUUGAAAGCUCUCGUUGUGACAACCAUUGC	0.132	0.043	mRNA	PS
ACCUGUGUAGGUAUCGGUGGUGACCCGAUCCCUGGUUCGAA	0.065	0.027	mRNA	PS
CGCGAAUGGUGCCAGCGCGGUCGCCACGCUUGAUGCUGCGA	0.143	0.032	mRNA	PS
UUUCACGGCGGUAACAGGGGUUCGAGUCCCCUAGGGGACGC	1	0.833	tRNA	PAO1
UUAACCGAUCGGUCGUAGGUUCGAGUCCUACCUGCGGAGCC	0.911	0.667	tRNA	BC
AGCAAAUCGGCGACACCAGCUCGGACUACGACAAGGAAAAA	0.221	0.043	mRNA	PS
GUCAGUCGCACCAGAUCAUCUCCAGUGCAUCCUGCACCACC	0.089	0.025	mRNA	PS
GCGUAGGUGGUUCAGCAAGUUGGAUGUGAAAUCCCCGGGCU	0.344	0.112	rRNA	PAO1
GUAGAGCAACUGACUUGUAAUCAGUAGGUUGGGGGUUCAAG	0.891	0.333	tRNA	BC
AGCUGGGAGAGCGCCUGCCUUGCACGCAGGAGGUCAGCGGU	0.196	0.076	tRNA	BC
UCGCGAGCAGCAUUUUGCUGUUUCCGGCUUCGUUGGGGUCC	0.506	0.043	mRNA	PS
GAUAAAAGGUACUCCGGGGAUAACAGGCUGAUACCGCCCAA	0.185	0.063	rRNA	PAO1
AUAACCCGAAGGUCGCAGGUUCAAAUCCUGUCCCCGCAACC	0.853	0.552	tRNA	BC
AAUGCAGGAAUUCCAAUGCUUCCUGUAGUUCAUGGAUUUGA	0.354	0.039	mRNA	BC
CGCUAACGCGGUGCGAGGGUUCGAAUCCCUUCUUCUCUGCC	0.925	0.694	tRNA	BC
GUUCAUGCCGAUCAAACUGGUUCCAAAGCAGUUUGAAGGUC	0.45	0.173	mRNA	PS
CGAGAAGGUCGACACCCGCGUCGCCGGGCAUGGCGAGCCGC	0.098	0.022	mRNA	PAO1
GUACUCCGGGGAUAACAGGCUGAUACCGCCCAAGAGUUCAU	1	0.864	rRNA	PS
GGCAGGGCGCUUGGCGCCAUUGUCCCGGAUCAAGCGCGAGG	0.222	0.071	mRNA	PAO1
CAUGGGAGACACACGGCGGGUGCUAACGUCCGUCGUGAAAA	1	0.932	rRNA	PS
GGUGCUCGAGGGCGAGGUGGUCGAGGCCGCCGAGGUCGAGG	0.314	0.082	mRNA	PAO1
GCCAACACCGCUCUGGACGCUCUGUACCACUUCAACAACCC	0.066	0.024	mRNA	PS
ACUUCAGUGUCCCCUUCGUCUAGAGGCCCAGGACACCGCCC	0.973	0.733	tRNA	kleb
GUAGACACGCCAGCUUCAGGUGCUGGUGACCGCAAGGUCGU	0.756	0.364	tRNA	PS
GAGUGAAAGGCUAAUCAAGCUCGGAGAUAGCUGGUUCUCCU	0.521	0.143	rRNA	PS
GCACGCAGGAGGUCAGCGGUUCGAUCCCGCUUGGCUCCACC	0.966	0.778	tRNA	PS
GUAAACGGCGGCCGUAACUAUAACGGUCCUAAGGUAGCGAA	0.918	0.493	rRNA	kleb
GAGUCUGGUAUUGGUGGACUUGCAGUUGGUCUUGCACUUGA	0.06	0.037	mRNA	BC
UUAGAACGUCGUGAGACAGUUCGGUCCCUAUCUGCCGUGGA	1	0.902	rRNA	PS
ACUACCGCUACCGUUCUGGCUCAGGCUAUCGUCAACGAAGG	0.243	0.041	mRNA	PS
GUUGUUGCAGAUUCUCGUUCUCCUCGUGACGGACGUUUCAU	0.076	0.021	mRNA	BC
CACUCACCAGAGCUAAUCACUGCCCGCUGGCCGAUUAGCUC	0.538	0.095	mRNA	kleb
ACACUUGAAGAUGUAGGGCUUGAGAUCGGUCUGACGCGUGA	0.11	0.038	mRNA	PS
CGUCCAGAUAAAAAAACAGGUGGACGGCAAAAAUCUUCUAA	0.274	0.1	mRNA	PS
CGUCGAGCUGCGCGACUACGUCGCCGGCCUGGGGCUGGGCC	0.115	0.026	mRNA	PAO1
CAAAGGGAUCAGACUGUAAAUCUGACGUCUACGACUUCGAA	0.789	0.25	tRNA	PS
CGGCAGCCUGCUGCAGGUGUUCGACGCACCGGCGUCCUCCU	0.297	0.108	mRNA	PAO1
GACCGCAAGGUCGUGGAAGUUCGAGUCUUCUUCUGGGCACC	0.99	0.833	tRNA	PS
CCUUUUUGUGCCACUGACGCUCGGUAUGGCGUUCCUGCUGG	0.264	0.053	mRNA	Ecoli
ACGCAUCAGGACCACUCGUCUGAUGCGAUGGAAGUGAUCAA	0.229	0.057	mRNA	PS
CGAACCGAGCGGUCGGAGGUUCGAAUCCUCCCGGAUGCACC	0.896	0.64	tRNA	Ecoli
GUUGAAGCGAAGAAAUCCGCUCCAGCCGCUGCUCCUGCUGC	0.136	0.043	mRNA	PS
CCGUCAUCGACUUCGAAGGUUCGAAUCCUUCCCCCACCACC	0.988	0.829	tRNA	kleb
GCGUCCGUACUUCUGCGCGCUCUGGGUUAUACCACCGAGCA	0.138	0.045	mRNA	PS
UAAGCCCCGGAACUUCCCCCUCCCCAUGCGAAGUCCGGGGU	0.072	0.024	mRNA	PS
GCCGAUGGUAGUGUGGGGUCUCCCCAUGUGAGAGUAGGGAA	0.123	0.035	rRNA	kleb
UUCACGGCGGUAACACGGGUUCGAAUCCCGUACGGGUCACC	0.926	0.695	tRNA	BC
GGCCAAGCUGUCUGGCGGCGUUGCAGUGAUCAAGGUCGGUG	0.499	0.065	mRNA	PS
ACAAGCAGCGGGUCGGCGGUUCGAUCCCGUCAUCACCCACC	1	1	tRNA	PS
GGGGUUAGCGCAAGCGAAGCUCUUGAUCGAAGCCCCGGUAA	0.088	0.03	rRNA	PAO1
AUAACCCGAAGGUCGCAGGUUCAAAUCCUGUCCCCGCAACC	0.873	0.584	tRNA	BC
UAAAAACAACACGUACCGGCUCUGACACAACAAGAACAACA	0.055	0.021	mRNA	PS
GGACUGCCUGGUGGCGAGCUUCCCGUUCGCCGCCAACGGUC	0.275	0.029	mRNA	PAO1
UGAGAUUUGAGAGGGGCUGCUCCUAGUACGAGAGGACCGGA	0.096	0.03	rRNA	PAO1
GUAAACGGCGGCCGUAACUAUAACGGUCCUAAGGUAGCGAA	0.926	0.514	rRNA	kleb
CGCUUCACGCCGUCGCAUGAUUGAAAGUAACUUGCGUCUGG	0.334	0.072	mRNA	kleb
GCAAGGUGCUCUCUCUGCGCUCGGCAAAGGCGGUAUGUCUG	0.193	0.036	mRNA	PS
AUUUAAAGUGGUACGCGAGCUGGGUUUAGAACGUCGUGAGA	0.969	0.739	rRNA	kleb
GAAAGCCACGGCUAACUACGUGCCAGCAGCCGCGGUAAUAC	1	0.7	rRNA	BC
UGGGUGACCACCGUGCGGGUUCGACCCCCGCCCUCGGCACC	0.643	0.327	tRNA	BC
GACACUCCGAUCAUCAUCGGUUCCGCGCUGAUGGCGCUGGA	0.129	0.038	mRNA	PAO1
GUUGAGAAGCUUGCUGGAGGUAUCAGAAGUGCGAAUGCUGA	0.067	0.023	rRNA	PAO1
GCUGCCGCACCGGUUGUCGCUGCUGGUGACCGCACCGAGAA	0.24	0.022	mRNA	PS
GUGACUCCUGCGGUCGUGGGUUCGAACCCCAUCGUCCACCC	1	0.889	tRNA	PS
AUUUAAAGUGGUACGCGAGCUGGGUUUAGAACGUCGUGAGA	0.976	0.761	rRNA	kleb
CGACGUGUCGGUGAUCGAGAUCGCCGAAGUCGACGGCGAGC	0.149	0.031	mRNA	PAO1
GCAUGCAAGAGGUCGACGGUUCGAUCCCGUCUAGCUCCACC	0.936	0.714	tRNA	PAO1
UGCAAUCCAGUCCAACGGUUUCAAAACUCUGGCUGAAGGUC	0.193	0.038	mRNA	kleb
GGUCAUCUUGAGCUGAUCGCUCGGACCCUGAUGAAAGACGC	0.521	0.143	mRNA	PS
CAUUGAUUUUAGCGGAACGCUCUGGAAAGUGCGGCCAUAGU	0.094	0.032	rRNA	PAO1
GCUUAAGCAAUACGUAAUCGUCUGGCGGCAUUGCUGCCAGA	0.103	0.045	mRNA	PS
GGCGAGAAGUCCUGGCAGGCUCGCUACGACCUGAACAUGAC	0.138	0.025	mRNA	PS
ACAAGCAGGGGGUCGGCGGUUCGAUCCCGUCAUCCUCCACC	1	0.882	tRNA	BC
AGCUGGAAAGCGAUCCGUUCUCCGAGUACGUCACUGUCAAU	0.198	0.06	mRNA	PS
ACAUGGUGGGGGUCGUUGGUUCGAGUCCAAUUAAACGCACC	1	0.875	tRNA	kleb
CUUCGGGAUCGAUGGCGCGCUCGCCUGCAGCUUGAAGCUUA	0.521	0.143	mRNA	PS
CGGUAAACGGCGGCCGUAACUAUAACGGUCCUAAGGUAGCG	0.663	0.178	rRNA	kleb
AGAAGUAGCUAGUCUAACCUUCGGGGGGACGGUUACCACGG	0.163	0.041	rRNA	PS
AGUAAUCGUGAAUCAGAAUGUCACGGUGAAUACGUUCCCGG	0.087	0.025	rRNA	PAO1
GCCGGUCCCAAGGGUAUGGCUGUUCGCCAUUUAAAGUGGUA	0.215	0.037	rRNA	PAO1
CCGCUGCCAAGAUCGUGGUCUCCGGCGGCCGCGGCAUGCAG	0.228	0.071	mRNA	PAO1
ACCGUAACUUCGGGAGAAGGUGCGCCGGUGAGGGUGAAGCA	0.683	0.308	rRNA	PS
AUUUAAAGUGGUACGCGAGCUGGGUUUAGAACGUCGUGAGA	1	0.912	rRNA	Ecoli
CUACGACAAGAUCGAUGCUCUCCGCGGUCUGGACAUUACCC	0.075	0.021	mRNA	PS
GUGGUAGCCUGCGAAAAGCUUCGGGGAGUCGGCAAACAGAC	0.261	0.071	rRNA	PS
AACGAAAGGUGGAAUUCGCUUCCAUCCGAAUGUAACAGAAA	0.265	0.028	mRNA	BC
AACGUUCUGAAAUUCUCUGCUCUGGCUCUGGCCGCAGUUCU	0.132	0.043	mRNA	PS
CGAGGUUCGGGACCGUGCGCUCGGCAAGUGGAGCGAGCUCG	0.121	0.021	mRNA	PAO1
GCUGGCCAGCGGCCGCGUGGUGGUCAGCCAGCGCGCCGAUC	0.324	0.123	mRNA	PAO1
UCAGGCGACUGGCGUCGGUUUGCAUACCGGCAAGAAAGUCA	0.65	0.295	mRNA	kleb
GGACUACCAACUCCUGCGUCUCCAUUCUGGAAAACGGUAAC	0.129	0.037	mRNA	PS
GGAAGCUGCCGAGACCCUGUUCGGCAACCUGUUCUUCAGCG	0.199	0.067	mRNA	PAO1
AGUGAUGAAGUGGAGCGCCAUUGCACUGGCGGUUUCCGCAG	0.324	0.038	mRNA	PAO1
UCUCCCUGAGACUUUAAGUCUCCUGAAGGAACGUUAAAGAC	0.137	0.04	rRNA	kleb
CGUCAGAUCGGUAAAACCGCUCUGGCCAUCGACGCAAUCAU	0.149	0.048	mRNA	PS
GCGGUACUGGGAGGAAGGGGUGACCCUUCCUCCCUUUUCCC	0.128	0.054	mRNA	PAO1
GCCGAUGGUAGUGUGGGGUCUCCCCAUGUGAGAGUAGGGAA	0.125	0.036	rRNA	kleb
AAUGAACGCUUCCGGCCUGGUGCUCGGCAAUCCGCCCGAGC	0.096	0.029	mRNA	PS
UCUCACAAAACCGAUCGUAGUCCGGAUCGCAGUCUGCAACU	0.742	0.091	rRNA	PS
AUAAGGGUGAGGUCGGCAGUUCGAAUCUGCCCAGACCCACC	0.884	0.62	tRNA	PS
AACAAAUUGUUUAGCGCCUGUUGUGAAGGUGUUAGAUGAGC	0.6	0.038	mRNA	BC
UUAGAACGUCGUGAGACAGUUCGGUCCCUAUCUGCCGUGGG	1	0.885	rRNA	Ecoli
GAUAAAAGGUACUCCGGGGAUAACAGGCUGAUACCGCCCAA	0.191	0.065	rRNA	PAO1
GAUAAAAGGUACUCCGGGGAUAACAGGCUGAUACCGCCCAA	0.183	0.062	rRNA	PAO1
AACACUGAUAACAUCGUAGCUCUGGGUCUGGUUUACCAGUU	0.199	0.065	mRNA	Ecoli
CUCUCGAUGCCUUUGCCCGCUGGGUCGGGUCUGUCCUGAUC	0.246	0.06	mRNA	PS
GGUCAUCUUGAGCUGAUCGCUCGGACCCUGAUGAAAGACGC	0.4	0.094	mRNA	PS
CUCCAAGGGCGAAGGCGAGUUCGAAGUCGCCACCGUCGACA	0.146	0.048	mRNA	PS
GAUCAUCGACCUGCGCAGCCUCUGGCCGCUGGACCUGGAAA	0.099	0.036	mRNA	PAO1
GUAAACGGCGGCCGUAACUAUAACGGUCCUAAGGUAGCGAA	0.913	0.479	rRNA	kleb
UUAGAACGUCGUGAGACAGUUCGGUCCCUAUCUGCCGUGGA	0.846	0.56	rRNA	PAO1
UCAACGGCGAAGUUUGCACUUCCGUGUUCGAUGCUAAAGCU	0.453	0.056	mRNA	Ecoli
AGGAGCGUUCUGUAAGCCUGUGAAGGUGAGUUGAGAAGCUU	0.058	0.021	rRNA	PAO1
AGGACCGGAGUGGACGAACCUCUGGUGUUCCGGUUGUCACG	0.682	0.4	rRNA	PS
CGCGCACGGGACAGGGACGCUCGGCAACAGCCUACCAUUCA	0.298	0.062	mRNA	PS
UGGACUGGCCAAGGCCGUACUCCAGCUGUAAUCAAAAAAGC	0.166	0.02	mRNA	Ecoli
AGAAGCACCGGCUAACUCCGUGCCAGCAGCCGCGGUAAUAC	0.929	0.524	rRNA	kleb
CCAUUGACUUCUGUAGAGGGUGAAGUCUCUCCCUAUUCAGC	0.082	0.034	mRNA	Ecoli
UCUAUAACGUCUGGCAGCGCUCGGACAGCCCGGAAGCCUUC	0.251	0.05	mRNA	PAO1
UCGUGGUCGCCGCCAGCGCUUCCGAGUCCGCCGCCCUGCAA	0.236	0.024	mRNA	PAO1
UACCGCAAGGCUGACGAAGCUCUGGCUGCUGCUCAAAAAGC	0.082	0.028	mRNA	PS
CCCAACUGGUCUACAACGUCUCCUACCUGAUUCCCGGCGAG	0.076	0.021	mRNA	PAO1
AUAACCGUCCGGUCGUAGGUUCGAGUCCUACAAGGUCCACC	0.954	0.752	tRNA	BC
AUCGACAAGGCCACCGUGGCUAUCGUCGCCCAGCUGAAAGA	0.099	0.021	mRNA	PAO1
ACGCCACCUUCGGCAUGACCUCCGGUACCAACGGCUGCUCG	0.093	0.031	mRNA	PS
CCGGGGCACGCCGACUAUGUUAAAAACAUGAUCACCGGUGC	0.399	0.241	mRNA	Ecoli
AUGGCGCCUGCUGGAGCGUUUCGAACACGCUCACCCGCAGG	0.718	0.31	mRNA	PS
GGCUGAAGGAACACCUAUCGUCCCCUGGGGCGUGCAGGGGA	0.463	0.088	mRNA	PS
UAUGGUAAAUUCCAGACCACUGAAUACCCGACCUACAAACA	0.547	0.146	mRNA	Ecoli
ACGUCAUAGACUUCGAAGGUUCGAAUCCUUCUCCCUCCACC	0.994	0.844	tRNA	PAO1
CGACGUUGAUAGGCUGGGUGUGUAAGCGUUGUGAGGCGUUG	0.14	0.058	rRNA	PAO1
GGUGUCAUUCUGCUACUCGGUUCGAUCUGGGUCGGCGGCAU	0.573	0.25	mRNA	PS
UGUAAAGUUAUUCGUAGACGUGGAAAAGUAAUGGUUAUUUG	0.079	0.036	mRNA	BC
CAUGAUGGACGACGCGCUGCUGGCCGGCGAGAUGGCCAAGG	0.17	0.038	mRNA	PS
GCGGGCCGUCGUGAAAUCGGUCACGGCCGUCUGGCCCGUCG	0.163	0.036	mRNA	PS
GGCGAAGAAAACCUCUCCUGUUCAAGCCAGGACUGGCAGCA	0.208	0.052	mRNA	PS
AAGGUUUCGUCCCCUUCGUCUAGUGGCCUAGGACACCGCCC	0.828	0.367	tRNA	PAO1
UUAACCGAUCGGUCGUAGGUUCGAUUCCUACCUGCGGAGCC	0.594	0.286	tRNA	BC
CAUUGAUUUUAGCGGAACGCUCUGGAAAGUGCGGCCAUAGU	0.057	0.021	rRNA	PAO1
CAGGCGCGUCAUGAAGCACGUUCGGCGAAAGACGCCGAGUU	0.358	0.12	mRNA	PS
AUUUAAAGUGGUACGCGAGCUGGGUUUAGAACGUCGUGAGA	0.941	0.664	rRNA	PAO1
CUGACCCGCCUGAAUCGCAGUGGUGACGGCCUGCAAGCACA	0.804	0.333	mRNA	PS
GGACGGCCUGUGUCCGGCGCUGAAGCGGGCGAUGCAGCGCG	0.788	0.25	mRNA	kleb
UUAAUCAAUUGGUCGCAGGUUCGAAUCCUGCACGACCCACC	0.987	0.826	tRNA	kleb
UAGCGCACCGUCAUGGGGUGUCGGGGGUCGGAGGUUCAAAU	0.379	0.135	tRNA	kleb
UUGACCUCCGGACUGUCAGGUCUGAAGAGAGACGAGAUACC	0.052	0.021	mRNA	PS
CCAAGGUCGGGGUCGCGAGUUCGAGUCUCGUUUCCCGCUCC	1	0.86	tRNA	kleb
UCCUCGUGGCGACCCUGAUGUUGACCGUAGGUGGUUAUGCG	0.698	0.056	mRNA	PS
UCCACAUCGACGGGGAGGUUUGGCACCUCGAUGUCGGCUCA	0.985	0.75	rRNA	BC
UCUUUUCCUUGUGCGCAUGCUGCAAGUGCGAUAAGUAGAAA	0.862	0.25	mRNA	BC
GUCACGCAGGAGAUCGCCGGUUCGACCCCGGUCGGGACCGC	0.93	0.671	tRNA	BC
AUAAGAUGGUUAUCUUGUACUGAAUACAUAGGUGCAAGAGG	0.416	0.093	rRNA	PS
UUUGGCACCUCGAUGUCGGCUCAUCACAUCCUGGGGCUGAA	0.178	0.028	rRNA	PAO1
AUCGACCUGUCUGAAGAAUCUCUGCAAGAGAACAUCGAAAU	0.232	0.066	mRNA	Ecoli
UCCACAUCGACGGGGAGGUUUGGCACCUCGAUGUCGGCUCA	1	0.958	rRNA	BC
CACGGGAGACACACGGCGGGUGCUAACGUCCGUCGUGAAGA	1	0.986	rRNA	Ecoli
GUACUCCGGGGAUAACAGGCUGAUACCGCCCAAGAGUUCAU	1	0.817	rRNA	kleb
AGUUCGGUCCCUAUCUGCCGUGGGCGCUGGAGAACUGAGGG	0.33	0.17	rRNA	Ecoli
ACCAAGGCGCUUGAGAGAACUCGGGUGAAGGAACUAGGCAA	0.345	0.072	rRNA	PAO1
UCACGCCGGGGGUCGCGGGUUCGAGUCCCGUCCGCUGCGCC	0.933	0.71	tRNA	PAO1
GUUCCUCGCCCCCCUGCUACUCGCCCAGCCCGCCGCCGCUG	0.335	0.07	mRNA	PAO1
AUUUAAAGUGGUACGCGAGCUGGGUUUAGAACGUCGUGAGA	1	0.852	rRNA	PS
CGGUAAACGGCGGCCGUAACUAUAACGGUCCUAAGGUAGCG	0.679	0.188	rRNA	kleb
UGAUUCCAGUUGUCGUGGGUUCGAAUCCCAUUAGCCACCCC	0.973	0.793	tRNA	kleb
AUUUAAAGUGGUACGCGAGCUGGGUUUAGAACGUCGUGAGA	1	0.918	rRNA	Ecoli
GCUGCUCACCGAAGUGAACCUCGGUGGCACCGCCAUCGGCA	0.221	0.048	mRNA	PAO1
AAAAAAGCAGCCAAACUGCUUGCCGAAACCCUGGAAGAAGA	0.641	0.299	mRNA	kleb
UCGAAAACCGCUACAACGGCUCGGUCAACCAGUACUUUCUC	0.336	0.073	mRNA	PS
UUUGCGAUUGUAAAAGUACGUUCAAGUCGUAUUGAUCAGCU	0.429	0.154	mRNA	BC
ACCGUAACUUCGGGAGAAGGUGCGCCGGUGAGGGUGAAGCA	0.654	0.288	rRNA	PS
CAGAAAGGUGCAGUAGCCUCUCUGACUUCCGUUGCUAAACU	0.202	0.056	mRNA	Ecoli
GUUGAGUGCACUGGCAAGGCUCUGGCCGAGCUGGAAGACAA	0.168	0.055	mRNA	PS
ACUGUUCAGCGAUAUCGGCUUGCCACCGAUCAACCCACAGG	0.401	0.156	mRNA	PS
ACAGCGUUUGAUCGUACAGGUGUAGAUAUUUUAUUUGGAUC	0.062	0.033	mRNA	BC
UACAAGCAGGGGGUCGGCGGUUCGAUCCCGUCAUCCUCCAC	0.919	0.651	tRNA	BC
UCCGGUAUCGCCGUGGGGCUUCCCGACUAAGGGCGCGAAGA	0.369	0.041	mRNA	PS
AGUUCGGUCCCUAUCUGCCGUGGGCGCUGGAGAACUGAGGG	0.237	0.116	rRNA	Ecoli
GGCGGUGUUUGGCACCUCGAUGUCGGCUCAUCACAUCCUGG	0.831	0.625	rRNA	PS
UAAGUUGACCGCCUGGGGAGUACGGCCGCAAGGUUAAAACU	0.586	0.091	rRNA	PS
AAGCCAGCUUCAAAUGUGGGUGGCGUAAUUGGUAAAGCACA	0.068	0.022	mRNA	BC
GAAGGCGAAAACGCUAUCGCUCUGAACCGUGAGCUGAUGGG	0.294	0.1	mRNA	PS
AGUUCGGUCCCUAUCUGCCGUGGGCGCUGGAGAACUGAGGG	0.234	0.114	rRNA	Ecoli
GGCGAGAGUCGCGCGGGGGUUCGAAUCCCUCUACCUCCUCC	0.958	0.761	tRNA	BC
AUCGGUUCUGCUCGUAUGGCUCUGGAAGGCAAAGACGACAA	0.109	0.036	mRNA	PS
AUAAGGGUGAGGUCGGUGGUUCAAGUCCACUCAGGCCUACC	0.963	0.766	tRNA	kleb
UGGUCACCGACGGCAUGGCUUCCGGCCUGGACAAGGAUUAC	0.246	0.026	mRNA	PAO1
GGUAGAGCCCUGGAUUGUGAUUCCAGUUGUCGUGGGUUCGA	0.9	0.556	tRNA	kleb
GGCGGUGUUUGGCACCUCGAUGUCGGCUCAUCACAUCCUGG	0.603	0.387	rRNA	PAO1
UCCACAUCGACGGGGAGGUUUGGCACCUCGAUGUCGGCUCA	1	0.82	rRNA	BC
GACACUCCGAUCAUCAUCGGUUCCGCGCUGAUGGCGCUGGA	0.129	0.038	mRNA	PAO1
AGCGUGGGGAGCAAACAGGAUUAGAUACCCUGGUAGUCCAC	0.924	0.661	rRNA	PS
UCCAAGCUCUGGUCGAGAGUUCGAUUCUCUUCACCCGCUUU	0.824	0.529	tRNA	BC
GUAGCACAGAGAGCUUGCUCUCGGGUGACGAGCGGCGGACG	0.235	0.062	rRNA	kleb
CGGUAAACGGCGGCCGUAACUAUAACGGUCCUAAGGUAGCG	0.809	0.31	rRNA	PAO1
ACUUCAGUGUCCCCUUCGUCUAGAGGCCCAGGACACCGCCC	0.981	0.769	tRNA	kleb
UCACGCAGGGGGUCGCGGGUUCGAGUCCCGUCCGUUCCGCC	1	0.909	tRNA	kleb
AUUCUUCUACCCGGCCGACUUCACCUUCGUUUGCCCGACCG	0.231	0.045	mRNA	PS
UCCAAGCUCUGGUCGAGAGUUCGAUUCUCUUCACCCGCUCC	0.931	0.706	tRNA	BC
CGGUAAACGGCGGCCGUAACUAUAACGGUCCUAAGGUAGCG	0.787	0.283	rRNA	kleb
AACACUUCAAGCAUCACUCCUCCCGAGAUCCGCGCAAAAGU	0.069	0.023	mRNA	PS
GAAGCAGCUCCAGUAGUUGCUCCGGCUCCAGCUCCGGCACC	0.081	0.025	mRNA	Ecoli
GGCGGUGUUUGGCACCUCGAUGUCGGCUCAUCACAUCCUGG	0.677	0.456	rRNA	kleb
ACACCAUGGGAGUGGGUUGCUCCAGAAGUAGCUAGUCUAAC	0.091	0.028	rRNA	PAO1
CGGUAAACGGCGGCCGUAACUAUAACGGUCCUAAGGUAGCG	0.675	0.186	rRNA	kleb
GUAAACGGCGGCCGUAACUAUAACGGUCCUAAGGUAGCGAA	0.903	0.455	rRNA	PAO1
GCCCAAGCUGAAAGAAGAGCUUCAGCUGGCGAACGUGAUGG	0.114	0.036	mRNA	PAO1
CCUGACCCUGGUUGGUGCGCUGUAUAUUACCUUUAUCUGCC	0.82	0.349	mRNA	Ecoli
CGAAGCUGUUCAGCAUGCUGUUGCGGCUGGCGUUCCGCUGG	0.453	0.022	mRNA	PS
CGACGUUGAUAGGCCGGGUGUGUAAGCGCAGCGAUGCGUUG	0.518	0.28	rRNA	Ecoli
GGCGCCUUUGGCGUGGGGGUUCGACUCCCUUCACCCGCACU	0.957	0.758	tRNA	BC
AAAGCUCUCGACGCCAUCGCUCCGCUGGUCGAAGUAAAGUC	0.14	0.045	mRNA	PS
CGAGCGGCAGCACGGGUACUUGUACCUGGUGGCGAGCGGCG	0.727	0.455	rRNA	PS
AUAAGCGUGAGGUCGAUGGUUCGAGUCCAUUUAGGCCCACC	0.967	0.781	tRNA	BC
GGUCGGUGGUUCAAGUCCACUCAGGCCUACCAAAUUUGCGA	0.806	0.348	tRNA	kleb
CAGGUGGUCAGCAUCAGCGGUGACGCCAAGCUGGCCGCCAA	0.156	0.067	mRNA	PS
GCCAAGGUCACUCGUUCCGCUCUGCAGGCUGCGGCCUCCAU	0.062	0.023	mRNA	PAO1
GGCGGUGUUUGGCACCUCGAUGUCGGCUCAUCACAUCCUGG	0.541	0.333	rRNA	kleb
AAAAAAAUCCGUGUUACCGCUGAACGUGACCCGGCUAACCU	0.711	0.186	mRNA	kleb
GUCGCCGGAGUUCGAAAGAUUCCGGCAAUGGUCCUGCGAAC	0.584	0.062	mRNA	PS
ACCGGUGAAAACCUGUUGGCUCUGCUGGAAGGUCGUCUGGA	0.242	0.08	mRNA	kleb
CAUGGGAGACACACGGCGGGUGCUAACGUCCGUCGUGAAAA	1	0.921	rRNA	PS
AUAACCCGAAGGUCGUUGGUUCAAAUCCAGCCCCCGCAACC	0.896	0.625	tRNA	PAO1
GAAAAUGCACGAGCUAGAAGUCGUGCGUCUCUGCGUGCACC	0.388	0.057	mRNA	PS
AGCGUGGGGAGCAAACAGGAUUAGAUACCCUGGUAGUCCAC	0.938	0.688	rRNA	PS
CAACCAGCAGCCGAAAGAGGUGCUGGUAAAGAUCGACCGGG	0.661	0.293	mRNA	PAO1
ACCAAGGCGCUUGAGAGAACUCGGGUGAAGGAACUAGGCAA	0.322	0.066	rRNA	PAO1
CGGCCUGAUGCUGUUCGGUUUGAUCCCGAUUCGUCAGAACG	1	1	mRNA	PS
CCCGGGCCACGCCGACUAUGUUAAAAACAUGAUCACCGGUG	0.791	0.407	mRNA	kleb
CGUGAUCAAGAAGAUCCUGAUCGCCAACCGCGGCGAGAUCG	0.2	0.043	mRNA	PAO1
UUAGAACGUCGUGAGACAGUUCGGUCCCUAUCUGCCGUGGA	1	0.889	rRNA	PS
ACCGACUACGGCUGCUUCGUUGAAAUCGAAGAGGGCGUUGA	0.524	0.214	mRNA	kleb
GUAGAGCAGCUCAUUCGUAAUGAGAAGGUCGGGGGUUCGAU	0.692	0.319	tRNA	PAO1
UGACAAGGGUCUGAUCCUGCUGUCCUGCGGUACUUACGGCA	0.222	0.038	mRNA	PS
AGAAGCACCGGCUAACUCCGUGCCAGCAGCCGCGGUAAUAC	0.873	0.46	rRNA	kleb
CUUUGCUAUCGCUGCCAGCUUCGGUAUGGCUGCUGUUCUGU	0.11	0.026	mRNA	Ecoli
AAACCGGAAGGUCAGGCUGCUCUGGAUCAGCUGUACAGCCA	0.109	0.036	mRNA	Ecoli
UUAGCAGCUUAAUAACCUGCUCUGAGCCCUCUCUCCCUAGC	0.058	0.022	mRNA	kleb
CAUCGUCCACUUCUGGGCGCUGAUCGCGGUGUACAUCUGGG	0.665	0.158	mRNA	PAO1
AUUCUCCCUGGGUCAGACUUUCUAAGCGUCUGAUCUUUGAU	0.876	0.538	mRNA	PS
CCAAGGUCGGGGUCGCGAGUUCGAGUCUCGUUUCCCGCUCC	0.975	0.797	tRNA	kleb
UCGAAGACUCCAUCUGCCUGUCCGAGCGCGUGGUCCAGGAA	0.288	0.039	mRNA	PAO1
UGGUCGAUAACAAUUCUGGCUCUGGCAGCAGCAGUUAUCCG	0.176	0.057	mRNA	PS
GGUCGGCCCGACCGGGCAGGUCGUGCUGGCAGACAUCAACG	0.748	0.333	mRNA	PS
AACCGGGAGAUAGCUGGUUCUCCCCGAAAGCUAUUUAGGUA	0.118	0.034	rRNA	kleb
AGAGUGGCGUUCCAGCAUGGUCGAGGCUGCGGCCGAAGCCA	0.113	0.025	mRNA	PAO1
GUCACGCCGGGGGUCGCGGGUUCGAGUCCCGUCCGCUGCGC	0.961	0.737	tRNA	PS
AUAGAGCGUUUGACUACGGAUCAAGAGGUUAGGGGUUCGAC	0.493	0.171	tRNA	BC
AUAACCUAGGUAUCUUGUACUGAAUCCAUAGGUGCAAGAGG	0.651	0.206	rRNA	PAO1
GUAGAGCAGUUGACUUUUAAUCAAUUGGUCGCAGGUUCGAA	0.773	0.184	tRNA	kleb
CGACCAACAACGUCAACCGCUCCCCACGCAUCCCGACUGGC	0.155	0.05	mRNA	PS
GAGAGCUGGCGGACGGGGGUUCAAAUCCCCCCGGCUCCACC	0.991	0.838	tmRNA	PAO1
GUUGGUGUCCUGUCCUGGGCUCUGCUGCCGGCUUUGGUCUG	0.108	0.036	mRNA	PS
ACUGUCGAGCUGGUAAUGGCUCUGGAAGAGGAAUUCGAGAC	0.136	0.044	mRNA	PS
GCAAUCGACGAUAUGCGUGCUUCCGGCGCGAUCAAAGCCGC	0.154	0.05	mRNA	PS
UUGAAGAAGUCUCUCGCCGCUCUGGCUCUGGGUACCGCACU	0.189	0.062	mRNA	PS
GAGCCUGCCGGACGGCACGGUGGCCGGCACGCUGUGCCUGA	0.502	0.222	mRNA	kleb
CCAGAUCCGCGGGAAGAAGGUGGGCGAAGCGCUCAACCUGU	0.097	0.031	mRNA	PS
UCACGCAGGGGGUCGCGGGUUCGAGUCCCGUCCGUUCCGCC	1	0.911	tRNA	kleb
AAGGCCAUCGGCCAAGGCUUUGCAGGCGGCCUGAAGCCGUU	0.175	0.052	mRNA	PS
ACUGCCUUCAGGUUCAGAGCUCUCGUUGUACGACAUCGCUC	0.498	0.2	mRNA	kleb
UCACGCAGGAGAUCGCCGGUUCGACCCCGGUCGGGACCGCC	0.885	0.622	tRNA	BC
AAGGAAGCUGCUGGCAAGGCUCUGGAGAGCCGCAAGGCGAA	0.12	0.039	mRNA	PAO1
UGUCUUCAUCGUCUUUCUGCUCGGAGCGAUUGCGAUGUUCA	0.222	0.043	mRNA	PS
CAUGGCCCAGGGCGAGAUGGUCGCCGAGCUGAUCGCCGGCA	0.162	0.037	mRNA	PAO1
AGUUGGCGUGGUAUUCGCGCUGGUGCUGGGGCAUACCUCCA	0.298	0.076	mRNA	PAO1
GCAGUAUCCGGGGCCGGCUUUCCCAUGGGAGCCGGCCCUUU	0.472	0.067	mRNA	PAO1
CGACGUUGAUAGGCCGGGUGUGUAAGCGCAGCGAUGCGUUG	0.504	0.269	rRNA	Ecoli
GCCUGGUGGCGAGCUUCCCGUUCGCCGCCAACGGUCGCGCC	0.262	0.081	mRNA	PAO1
GCACGCAGGAGGUCAGCGGUUCGAUCCCGCUUGGCUCCACC	0.966	0.778	tRNA	PS
GCACGCAGGAGGUCAGCGGUUCGAUCCCGCUAGGCUCCACU	0.923	0.69	tRNA	BC
CCGAUCGUUCGUGGUUCUGCUCUGAAAGCGCUGGAAGGCGA	0.201	0.066	mRNA	Ecoli
AUUACCACUACUGCGAAAUCUGACGAAGAAGGCCGUGCUCU	0.21	0.051	mRNA	kleb
UUAGAACGUCGUGAGACAGUUCGGUCCCUAUCUGCCGUGGG	0.889	0.628	rRNA	kleb
GCCCCGGUAAACGGCGGCCGUAACUAUAACGGUCCUAAGGU	0.855	0.381	rRNA	PAO1
AAGCAUGUUGAAGAAGUCUCUCGCCGCUCUGGCUCUGGGUA	0.11	0.026	mRNA	PS
UGUUGCCGCUGCUAUGGGUCUGUCUUCUGCCGCCUUUGCUG	0.525	0.232	mRNA	Ecoli
CAAUUAUGUCCACUAGCAGCUCUGCUGUAAGCCAGCUCAAA	0.271	0.091	mRNA	PS
CAACUACCCGGUGUGCAGGCUCUCGCACGCGCAGUUCCCGG	0.204	0.067	mRNA	PS
UUCAGAGGUGGGAAACUGCUUCUUACCUCUGAACUUAUAUA	0.268	0.064	mRNA	BC
CAGCGAGGAGGAUGGUCCGGUGGCCCUGGAGCCGGCCAGCC	0.364	0.143	mRNA	PAO1
GCCAGCUAAGGUCCCAAAGUUGUGGUUAAGUGGUAAACGAU	0.565	0.249	rRNA	PAO1
AGAAGCACCGGCUAACUCCGUGCCAGCAGCCGCGGUAAUAC	0.93	0.525	rRNA	kleb
CACGGGAGACACACGGCGGGUGCUAACGUCCGUCGUGAAGA	1	0.986	rRNA	Ecoli
GCCGCCAUUGCCGGAUGCGCUGGGCGAGGCCUUCCCACGCC	0.275	0.068	mRNA	PS
AUUUAAAGUGGUACGCGAGCUGGGUUUAGAACGUCGUGAGA	0.973	0.752	rRNA	kleb
CGCCGUGCGUCGCUGAUCGCUCUCGUCGGCAUGAAAAAAGG	0.374	0.135	mRNA	kleb
CCCAGUGGACGCAGAAGGUCUCCACGGACGUAUCCAUGUUC	0.082	0.023	mRNA	PS
AUCAAGGGCGCCAAAGGUGCUCUGGAGCUCAAGGUCCAUCC	0.105	0.035	mRNA	PAO1
AAGUCGAGCGGCAGCACGGGUACUUGUACCUGGUGGCGAGC	0.336	0.109	rRNA	PS
UGGUAACGAGGAAAGACCUCUGCGAGGUACGAAUCCGAACC	0.511	0.153	mRNA	Ecoli
AAGCCUGCUGCAUCGGCGACUCCGGCAACCGGUGCGGCACC	0.184	0.023	mRNA	PS
CCAAGGUUGGGGUCGCGGGUUCGAAUCCCGUCUUCCGCUCC	0.923	0.689	tRNA	BC
GCUGGCCCGGCUGCUGCCGCUGCCGAAGAGCAGACCGAGUU	0.277	0.027	mRNA	PAO1
CCAGAUUGCUUGGGGUUAUAUGGUCAAGUGAAGAAGCGCAU	0.221	0.039	rRNA	PS
UCCACAUCGACGGGGAGGUUUGGCACCUCGAUGUCGGCUCA	1	1	rRNA	BC
UUAAUCAAUUGGUCGCAGGUUCGAAUCCUGCACGACCCACC	0.986	0.823	tRNA	kleb
AAGUCGAGCGGCAGCACGGGUACUUGUACCUGGUGGCGAGC	0.348	0.114	rRNA	PS
CAAGAAAUUGUAUCGAGGGUUCGAAUCCCUCCUUCACCGCC	1	0.971	tRNA	PS
CGGGGUCGCGAGUUCGAGUCUCGUUUCCCGCUCCAAAAUUU	0.246	0.066	tRNA	kleb
UAACACGUCCUCCAUAUGGUUCGAUGCCUGGAUUGAAUGAA	0.629	0.315	mRNA	BC
UGGCCGCGCUGAUGACGCUUUCCGCCCCGCUGGCGGCGGAG	0.304	0.034	mRNA	kleb
GGUCGCGGGUUCGAGUCCCGUCCGUUCCGCCACUUAUUUAA	0.603	0.141	tRNA	kleb
CCAAGGAAGUCAUGCUGUUCUCCAGCGCCGGCAAGGUGAUC	0.271	0.088	mRNA	PAO1
UCUGGGUGAAUACAGUGCGCUGGUAGCUGCGCAAAGCCUGA	0.522	0.171	mRNA	PS
GUAAACGGCGGCCGUAACUAUAACGGUCCUAAGGUAGCGAA	0.929	0.522	rRNA	kleb
CCGCGAGCGGGUUCGUCAGAUCCAGGUCGAGGCGCUGAAGC	0.237	0.022	mRNA	PAO1
CAGGGUAACGGCUUCAAAACUCUGGCUGAAGGCCAGAACGU	0.189	0.043	mRNA	kleb
CGGUAGAGGGUGGUGGAAUUUCCUGUGUAGCGGUGAAAUGC	0.356	0.043	rRNA	PAO1
GCCCCGGUAAACGGCGGCCGUAACUAUAACGGUCCUAAGGU	0.869	0.404	rRNA	PAO1
AUUUAAAGUGGUACGCGAGCUGGGUUUAGAACGUCGUGAGA	1	0.892	rRNA	PS
CAUCGCCGCACCGAAGGCGCUCUGGCCGCACGACGAGUUCG	0.169	0.055	mRNA	PAO1
CCGUCAUCGACUUCGAAGGUUCGAAUCCUUCCCCCACCACC	0.998	0.853	ncRNA	kleb
GAAAUCAGCCGUGACCGCGUUGAAGACGCGCGUAACGUUCU	0.101	0.029	mRNA	PS
UUCACCGCCAUGGCCCUGGCUCUUGGCGGCUGCCAAUCCAG	0.349	0.123	mRNA	PAO1
GCACGCAGGAGGUCAGCGGUUCGAUCCCGCUAGGCUCCACC	0.999	0.855	tRNA	BC
GGCUUCCACCCUCGACCCGCUCGGCCUGUGGCAGCGUCCCG	0.213	0.041	mRNA	PAO1
AAAACUACGCUUUAGCAGCUUAAUAACCUGCUUAGAGCCCU	0.672	0.122	ncRNA	Ecoli
CCAUGCCUUUUCAAUAGCUAUCGGUGAAGCUUCAGACCCGA	0.366	0.054	mRNA	PS
AUUUAAAGUGGUACGCGAGCUGGGUUUAGAACGUCGUGAGA	0.976	0.763	rRNA	kleb
CCCGGUGGGUUGUAUUGAGCUCGGGGAAGUGAAGUUUAAGA	0.536	0.15	mRNA	Ecoli
GCACGAAAGGUGUAACGAUUUGGGCACUGUCUCAACCAGAG	0.935	0.613	rRNA	BC
GCUGGGCAAGCAGGACGUGGUCUUCGCCGGCGGCGGCGAAG	0.213	0.095	mRNA	PAO1
GCCGAUGGUAGUGUGGGGUCUCCCCAUGUGAGAGUAGGGAA	0.122	0.035	rRNA	kleb
AUACCCGUGAGGUCGGGGGUUCGAUCCCCUCCGCCGCUACC	1	0.873	tRNA	BC
GCCGGCCAGGUGUGUACCGCUGCCAAGCGCUUUAUCCUGCA	0.89	0.286	mRNA	kleb
UUGGUAGAGCAGUUGACUUUUAAUCAAUUGGUCGCAGGUUC	0.376	0.071	tRNA	kleb
GCUGGCCAAGCCGGAGCUGCUGGAAGCCGACAAGGACGCCG	0.236	0.057	mRNA	PAO1
CCGAUAGUGAACCAGUACCGUGAGGGAAAGGCGAAAAGAAC	0.136	0.051	rRNA	PAO1
GUUGCUCAAGCGCGGCGUGGUGACCAAGGGCGACUGGGUUA	0.341	0.163	mRNA	PAO1
CGUCCACGAUGCUGAUGCGCUCUGUACCGACGCGGUAGACA	0.251	0.083	mRNA	PS
UCAGAACGUCGUGAGACAGUUCGGUCCCUAUCCGUCGUGGG	0.822	0.526	rRNA	BC
GUAAUCAGUAGGUUGGGGGUUCAAGUCCUCUAGUCGGCACC	0.944	0.722	tRNA	BC
GGGUGUCGGGGGUCGGAGGUUCAAAUCCUCUCGUGCCGACC	1	0.868	tRNA	kleb
CAGACGCACUAGACUUAGGAUCUAGCGCCUUUGGCGUGGGG	0.776	0.417	tRNA	BC
UGAAGGCCGAGCAGGAAAAGUCGGUCGAGGUAGAAGUCACC	0.205	0.024	mRNA	PAO1
GCAAAACCUUUAUCACCGGUUCAAAUCCGGUUGCCGCCUUU	0.981	0.812	tRNA	BC
AUAAGGGUGAGGUCGGUGGUUCAAGUCCACUCAGGCCUACC	0.965	0.77	tRNA	kleb
ACGGGGGCCCGCACAAGCGGUGGAGCAUGUGGUUUAAUUCG	0.118	0.039	rRNA	PAO1
CGCGGUAAGGUGCUCAAGGUUCUCGCUGACGACCGUCUGGU	0.098	0.032	mRNA	PS
CGUAUUCUUGGUCAUGAGGGUGUAGGUAUUGUUACGAAAAU	0.05	0.026	mRNA	BC
CGACGACUGGCAGCAGGUGGUGGACAGCGUCCGUGCCCGUC	0.282	0.103	mRNA	PAO1
GCGUCGCCAGUUCGCCCCGGUGGCGAUCCCCGCGGUGUGCU	0.103	0.033	mRNA	PAO1
UCCAAGCUGAUGAUGCGGGUUCGAUUCCCGCUGCCCGCUCC	0.997	0.85	tRNA	Ecoli
ACCCGCGAGUACAAUAUGGCUCUGGGCGAGCGUCGUGCCAA	0.204	0.067	mRNA	PAO1
CGACGUGGACAUGGUGAUCUUCCGCGAGAACUCCGAGGACA	0.27	0.028	mRNA	PAO1
GUAUUGAGAUUAGCGGAACGUUCUGGAAAGGACGGCCAUAG	0.338	0.111	rRNA	PS
CUCCGCCCAGAAAGCCCGCUUGGUCGCCGACCAGAUCCGCG	0.079	0.021	mRNA	PS
UCGCCUGAUCCAGCUGAAAGUGGAAGCUCAGGCGCUCAAGA	0.437	0.095	mRNA	PS
GCCCCGGUAAACGGCGGCCGUAACUAUAACGGUCCUAAGGU	0.745	0.25	rRNA	kleb
GGCACCGGCGUGGGGUUACGUGGCGGCGGUCGAUCUGACCA	0.106	0.048	mRNA	PS
AUUUAAAGUGGUACGCGAGCUGGGUUUAGAACGUCGUGAGA	0.972	0.75	rRNA	kleb
AACCGGGAGAUAGCUGGUUCUCCCCGAAAGCUAUUUAGGUA	0.095	0.027	rRNA	kleb
GAAAGCCACGGCUAACUACGUGCCAGCAGCCGCGGUAAUAC	0.97	0.575	rRNA	BC
CCAAGGUCGGGGUCGCGAGUUCGAGUCUCGUUUCCCGCUCC	0.972	0.79	tRNA	kleb
CUGUUCGCUGGCCGGCACGCUCGGACUGGGCAAGCUGAUCG	0.447	0.111	mRNA	kleb
GGCGUAGGCGAACUGGAGUUUGAAAACUUCAACGCCGCGUC	0.574	0.28	mRNA	Ecoli
CGGUAAACGGCGGCCGUAACUAUAACGGUCCUAAGGUAGCG	0.691	0.197	rRNA	kleb
CGGGAAACCGUAUCGAGGGUUCGAAUCCCUCCCUCACCGCC	0.719	0.4	tRNA	PAO1
GACAACGGCGAAGUGCGCGCUCUGGCAGUGAAGGUGGGCGA	0.104	0.035	mRNA	PAO1
GGCUCUGACAAGCGCGGCGGUGCCAAUGGCGGCCGUCUGCG	0.153	0.048	mRNA	PS
UUGUAGAGGAAAGUCCAUGCUCGCACGGCCUGAGAUGGCUG	0.13	0.023	mRNA	BC
GUGAGACAGUUCGGUCCCUAUCUGCCGUGGACGUUUGAGAU	0.137	0.021	rRNA	PAO1
UGACUCCGUCAUGCGCUGGUUCGAAUCCAGCUAGCCCAGCC	0.933	0.71	tRNA	BC
GUUUCAUUGUCCCCUUCGUCUAGUGGCCUAGGACACCGCCC	0.861	0.421	tRNA	PAO1
GCCGAUGGUAGUGUGGGGUUUCCCCAUGUGAGAGUAGGUCA	0.359	0.043	rRNA	PS
CGGAUCAAGAGGUUAGGGGUUCGACUCCUCUCGGGCGCGUU	0.626	0.312	tRNA	BC
GGCUGCUGCAAAGCUGCCGCUCGCCACCUCCUUUGUUAAGC	0.287	0.059	mRNA	PS
GGCGGUGUUUGGCACCUCGAUGUCGGCUCAUCACAUCCUGG	0.66	0.439	rRNA	kleb
GUAGAGCAACUGACUUGUAAUCAGUAGGUUGGGGGUUCAAG	0.891	0.333	tRNA	BC
AUUUAAAGUGGUACGCGAGCUGGGUUUAGAACGUCGUGAGA	1	0.862	rRNA	PS
AUCGGUCUGGAACUGAUGGGUCACCAAAAAGGUGAAUAUCA	0.228	0.054	mRNA	Ecoli
CCGCCUCAAGCGCAAGGGCUUCUCCGAUGCGCGCCUGGCCA	0.314	0.078	mRNA	PS
UGCGUUAUUUCAACAGCAGCUCUGAUGGCAAAAACAGCGAC	0.167	0.054	mRNA	PS
AGAAGUAGCUAGUCUAACCUUCGGGGGGACGGUUACCACGG	0.169	0.043	rRNA	PS
GUAAUGAGAAGGUCGGGGGUUCGAUUCCUCUAUCCGGCACC	0.735	0.418	tRNA	PAO1
UGUUAAAGAUACUGUCGGUGUUGUAGAACGUGUAUUCCAAA	0.679	0.052	mRNA	BC
UACGACGUUGAUAGGUUGGGUGUGUAAGCGCUGUGAGGCGU	0.038	0.02	rRNA	PS
UCAACAAGGGCGAUAAAAUCUCCGGCACCAUCAAGUCGAUC	0.092	0.026	mRNA	PS
AAGUUCACCCUUGAACAGGCUCUGGAAUUCAUCCAGGACGA	0.212	0.07	mRNA	PS
GAAGACCGUUGCCGAGUUCUUCGGCAAGGAAGCGCGCAAGG	0.181	0.046	mRNA	PAO1
UGGGACCAGUGGGUCGGAGGUUCGAAUCCUCUCUCGCCGAC	0.965	0.745	tRNA	kleb
GGUCCAAAAUGCAAACUUGCUCGUCGUGAAGGCACCGAUCU	0.165	0.03	mRNA	PS
GUAAACGGCGGCCGUAACUAUAACGGUCCUAAGGUAGCGAA	0.916	0.486	rRNA	kleb
AGCUGGGAGAGCGCCUGCCUUGCACGCAGGAGGUCAGCGGU	0.475	0.192	tRNA	PS
AGGCAGAAGUUUCUCAGGCUUCUGUCUUUUUUAUUUUAUGC	0.105	0.023	mRNA	BC
GCGCCGGCUCAGCCCGGGACUCCUGCUGCGGCAGCGCCGAC	0.533	0.104	mRNA	PAO1
AUAGAGCGUUUGACUACGGAUCAAGAGGUUAGGGGUUCGAC	0.431	0.14	tRNA	BC
GAACAUGACACCGUAUGGCGUUCCUGGCCUGAGUUUCAUGA	0.115	0.031	mRNA	PS
CGCCGGGCAUGGCGAGCCGCUCGAGCAACUGCGCGAACUGA	0.124	0.022	mRNA	PAO1
GGCGGUGUUUGGCACCUCGAUGUCGGCUCAUCACAUCCUGG	0.553	0.343	rRNA	PAO1
CGUCAAGCCGCACACUCAGUUCGAAGCUGAAAUCUACGUUC	0.278	0.1	mRNA	PS
CGUGGCGAGAAGUCCAUGGCUCUGCGCCUGGCUGGCGAGCU	0.069	0.025	mRNA	PAO1
GCCCCGGUAAACGGCGGCCGUAACUAUAACGGUCCUAAGGU	0.745	0.25	rRNA	kleb
GGUAGCGCCUCAUGUAUCACUCUGGGGGGUAGAGCACUGUU	0.133	0.029	rRNA	PAO1
GCACGCAGGAGGUCAGCGGUUCGAUCCCGCUAGGCUCCACU	0.976	0.8	tRNA	BC
CUGGUAGUGGGGGAUAACGCUCGGAAACGGACGCUAAUACC	0.417	0.1	rRNA	PS
GAGGAGAGAGCAUUUGCUCUUCCUUGCAAAAACUUUGUUUU	0.473	0.06	mRNA	BC
AGUUCGGUCCCUAUCUGCCGUGGGCGCUGGAGAACUGAGGG	0.309	0.157	rRNA	Ecoli
CGGCGUUGCAGUGAUCAAGGUCGGUGCCGGUUCCGAAGUUG	0.126	0.028	mRNA	PS
CCAUGGAGCCGCAUUCGGCCUCUGCGCAGUUCUUCAUCAAC	0.267	0.109	mRNA	PS
AGAAAAAAUCAACUGAUAUCUCUGCACCUCAAAAACGUGGU	0.13	0.034	mRNA	BC
AAGGCCAACGACGCUGCCGGUGACGGCACCACCACCGCGAC	0.106	0.044	mRNA	PAO1
AUAAGAUGGUUAUCUUGUACUGAAUACAUAGGUGCAAGAGG	0.541	0.143	rRNA	PS
UUAGAACGUCGUGAGACAGUUCGGUCCCUAUCUGCCGUGGG	0.905	0.657	rRNA	kleb
AGAAGCACCGGCUAACUCCGUGCCAGCAGCCGCGGUAAUAC	0.97	0.576	rRNA	kleb
UCACGCCGGGGGUCGCGGGUUCGAGUCCCGUCCGCUGCGCC	0.953	0.75	tRNA	PS
GCCCCGGUAAACGGCGGCCGUAACUAUAACGGUCCUAAGGU	0.965	0.643	rRNA	PS
GAAGCUGGUAACCGAGUUCUUCGGUAAAGAAGCACGUAAAG	0.178	0.045	mRNA	PS
AUUUAAAGUGGUACGCGAGCUGGGUUUAGAACGUCGUGAGA	1	0.881	rRNA	PS
CUCAGAAGUGAAACGACGCAUCGCCGAUGGUAGUGUGGGGU	0.657	0.061	rRNA	PAO1
AGAUCUGAGCGACGAGCAGAUUGAACAGCUGCGUGGCGAAG	0.125	0.023	mRNA	PS
AGCGUGGGGAGCAAACAGGAUUAGAUACCCUGGUAGUCCAC	0.957	0.726	rRNA	PAO1
GAACAAUGAGCUGGGCGAUCUCGAGCGUGGCCUUGACGCCG	0.49	0.169	mRNA	PAO1
CAGACGCACCAGACUUAGGAUCUGGCGCCUUUGGCGUGGGG	0.454	0.163	tRNA	BC
CCAAUUGCAGACAUGCUUACUCGCAUCCGUAAUGCGAACAU	0.157	0.027	mRNA	BC
AAUGGAACCACUGUAGGGUUUCAUUUCUCAUGUUUGAAUCA	0.112	0.021	mRNA	BC
GUAAGGAAGAGGUCACCGGUUCAAGCCCGGUUGGAAGCUUG	0.992	0.839	tRNA	BC
GCCGGUCCCAAGGGUAUGGCUGUUCGCCAUUUAAAGUGGUA	0.269	0.049	rRNA	PAO1
ACAUGGUGGGGGUCGUUGGUUCGAGUCCAAUCGAACGCACC	0.803	0.5	tRNA	kleb
GAGUAGCAAGUUGAGCCAUCUUGCUGCUCCUUUUUGCAUUU	0.08	0.026	mRNA	Ecoli
AGACCUGAUCGCUCGCACGUUCGAAUCGCUGCGUGGCGCGA	0.498	0.217	mRNA	PS
UGCUACGAUCCAGCGCGUUGUCGCGGCAAACCAGAGAAUGG	0.101	0.029	mRNA	PS
UCCCUGAGCGAAGAAGCUGCUCUGCGCGCAAUCACUACCUU	0.085	0.029	mRNA	PS
GUAGCACAGAGAGCUUGCUCUCGGGUGACGAGCGGCGGACG	0.258	0.07	rRNA	kleb
GAAAUGUCCGUUCUGCAGGUUGUAGAGCUGAUCAAGGCGUU	0.114	0.034	mRNA	PS
GUUGCCGCCUGACACCCUGCUGUUCAUGUGCCACGACUACC	0.357	0.071	mRNA	PS
CGGCGCUGGGCUACGACCUGUGGGCGCUGACCCAGCAGGGG	0.65	0.324	mRNA	Ecoli
CCGAACUCCAAAUCAAGUGCUCCCGCUGCGGGACGCUGAAU	0.179	0.059	mRNA	PS
GGUCGGAGGUUCGAAUCCUCUCUCGCCGACCAAUUUUGAAC	0.406	0.136	tRNA	kleb
GGCGGUGUUUGGCACCUCGAUGUCGGCUCAUCACAUCCUGG	0.638	0.418	rRNA	kleb
CCGGGGCACGCCGACUAUGUUAAAAACAUGAUCACCGGUGC	0.374	0.222	mRNA	Ecoli
GCGUCCCCACCGUGCCGGGCUCCGACGGCCCGCUGCCGGAA	0.128	0.041	mRNA	PAO1
AAAAGUUAGCGGAUGACCUGUGGAUCGGAGUGAAAGGCUAA	0.407	0.158	rRNA	PS
CAGAAGGCGAUGGAAGCUGCUCGUCGCAACAUGAUUCAGGU	0.135	0.024	mRNA	PS
GUCGAGGCUGCACUGGUUGCUCUGGAAGCUGCUAUCAAGGG	0.097	0.033	mRNA	PS
CUGAUCGUCGCUGAAGACGUUGAAGGCGAAGCGCUGGCAAC	0.233	0.073	mRNA	PS
GGCGGUGUUUGGCACCUCGAUGUCGGCUCAUCACAUCCUGG	0.599	0.383	rRNA	PAO1
GCCCCGGUAAACGGCGGCCGUAACUAUAACGGUCCUAAGGU	0.828	0.341	rRNA	kleb
AGUAAGGUCGGGCGCAUCCCUUGCAGGAUGGUGGUCCCGAG	0.104	0.027	mRNA	PS
CCAAGGUCGGGGUCGCGAGUUCGAGUCUCGUUUCCCGCUCC	1	1	tRNA	PS
AAGCGUUGACGUCCGGGGCUUGUCCCCCCGAACGUCAACUA	0.288	0.123	mRNA	kleb
GUACUGGCUGCCGAGAAGGCUCUGAACGAGAAAGGCGCAGA	0.119	0.039	mRNA	PS
CUACCUGGUUCUGCAAGGUGUUUCCCCAGCUCAGCUGGAAC	0.43	0.032	mRNA	PS
AGUUCGGUCCCUAUCUGCCGUGGGCGCUGGAGAACUGAGGG	0.349	0.182	rRNA	Ecoli
AGAUGAAAGUUUGGCCACAGUGAUGUGGCCUUUUUCUUUUC	0.133	0.036	mRNA	kleb
AGGGUGUGACGCCUGCCCGGUGCCGGAAGGUUAAUUGAUGG	0.322	0.111	rRNA	PS
AGGCCACCAUCCGGGCCUGCUGACCGAGUGGGGCAAAGUCA	0.214	0.026	mRNA	PAO1
AUGCGCCAAGUAUGCUGACCUCUGACCUGGCGCUGCGCUUC	0.075	0.027	mRNA	PS
CGACGUUGAUAGGCUGGGUGUGUAAGCGUUGUGAGGCGUUG	0.089	0.036	rRNA	PAO1
CGACGUUGAUAGGCCGGGUGUGUAAGCGCAGCGAUGCGUUG	0.504	0.269	rRNA	Ecoli
GACCCGUUGGCUAAGGUUCUUUCGCACAGAAGACGCUUUUU	0.293	0.05	mRNA	BC
GACUCCCCUACCGGCAAGGUUCCGGGGAAAAAUCUCCUGCU	0.173	0.046	mRNA	PS
GGCUGCUGCAAAGCUGCCCCUCGCCACCUCCUUUGUUAAGC	0.232	0.051	mRNA	PAO1
UUGCGGCGCUGAAGCUGCCCUCUGAAGCAUCGCUGAUCGUC	0.376	0.167	mRNA	kleb
CCUGACCCUGGUGGGCGAGAUCGGCUGGACCCACGUCGGCG	0.54	0.167	mRNA	PAO1
CAUGGGAGACACACGGCGGGUGCUAACGUCCGUCGUGAAAA	1	0.932	rRNA	PS
GUGCUGAGUUGAAAUCCCUUUCCGAUACGCUGGAAGAGGUG	0.252	0.027	mRNA	Ecoli
GUAAACGGCGGCCGUAACUAUAACGGUCCUAAGGUAGCGAA	0.77	0.255	rRNA	kleb
AUCGAGUCAGCGCGUCGUGCUCUGACCCGUCACGUUAAACG	0.067	0.024	mRNA	PS
CCGCACGAAAGGUGUAACGAUUUGGGCACUGUCUCAACCAG	1	0.625	rRNA	BC
GAGUGAAAGGCUAAUCAAGCUCGGAGAUAGCUGGUUCUCCU	0.695	0.25	rRNA	PS
UCUAACAGCCUUGUUGUUGUUAAAGAAGCGAUCGAAGUUAA	0.093	0.048	mRNA	BC
UUAGAACGUCGUGAGACAGUUCGGUCCCUAUCUGCCGUGGG	0.9	0.648	rRNA	kleb
CAGACGCACUAGACUUAGGAUCUAGCGCCUUUGGCGUGGGG	0.761	0.4	tRNA	BC
AAUGAACGCUUCCGGCCUGGUGCUCGGCAAUCCGCCCGAGC	0.252	0.083	mRNA	PS
CCACCCGGAAAUCGCCUGGGUCGGCAAGACCGAGCAGACGC	0.123	0.027	mRNA	PS
UUAAUCAGAGGGUCGAAGGUUCGAGUCCUUCAUGGCUCACU	0.617	0.304	tRNA	BC
CGCCAUCGAGGGCGGGCGCUUCCGCGACGAGAUCACGCCGA	0.353	0.039	mRNA	PAO1
UUAGAACGUCGUGAGACAGUUCGGUCCCUAUCUGCCGUGGG	0.908	0.662	rRNA	kleb
UAAGGAGCACGCCUGGAAAGUGUGUAUACAAGAAAUUGUAU	1	1	tRNA	PS
CCAGAUUGCUUGGGGUUAUAUGGUCAAGUGAAGAAGCGCAU	0.221	0.039	rRNA	PS
GUACUCCGGGGAUAACAGGCUGAUACCGCCCAAGAGUUCAU	0.996	0.741	rRNA	PS
UCGAAGACGUGUUCUCGAUCUCCGGUCGCGGUACUGUUGUG	0.072	0.02	mRNA	PS
AAGUUCAUCGACGGCCAGGGUCGCUGCAUGGGCGGCGUGGU	0.368	0.101	mRNA	PS
UCGCUGGGCGAGUUUCUGGCUCUGGCGGCGUCCCUGGAACA	0.183	0.059	mRNA	PS
UUGGUAGAGCAGUUGACUUUUAAUCAAUUGGUCGCAGGUUC	0.376	0.071	tRNA	kleb
UUAACCGAUCGGUCGUAGGUUCGAGUCCUACCUGCGGAGCC	0.877	0.609	tRNA	BC
AGCGUGGGGAGCAAACAGGAUUAGAUACCCUGGUAGUCCAC	0.952	0.716	rRNA	PAO1
GCCCAGGUUCACGCAGGUGGUCGCGGUAAAGCGGGCGGCGU	0.098	0.021	mRNA	PS
AUCGUCGAUUCGACCGGCGCUCUGGAAUUCCAACAGGUUCC	0.134	0.044	mRNA	PS
GCCGAUGGUAGUGUGGGGUUUCCCCAUGUGAGAGUAGGUCA	0.362	0.044	rRNA	PS
UGCGAAGUCUAUUUCCACUAUCGCAGAAUCAAAACGUUUUC	0.231	0.029	mRNA	Ecoli
UGUUGCCGGCUAUCCGCUGAUCGGCCUGAAGGCUACCGUGU	0.167	0.035	mRNA	PS
GGUGUAAACCCUGAUGAAGUUGUAGCAUUAGGUGCUGCAGU	0.111	0.033	mRNA	BC
ACGUCUACGACUUCGAAGGUUCGAAUCCUUCCCCCUCCACC	1	0.874	tRNA	PS
GUUGCAGCCCGGCGACCUGUUCGGCUCCGGCACCCUGUCCG	0.12	0.038	mRNA	PAO1
GAAAGCCACGGCUAACUACGUGCCAGCAGCCGCGGUAAUAC	0.955	0.556	rRNA	BC
CGCCUGCUAUACCUCUCUGCUGGCGGCCGCUGAAAAAGCGG	0.104	0.022	mRNA	kleb
GGGAGCAGGAUGUCAGGAGUUCGAAUCCCCUUACCCCGACC	0.959	0.762	tRNA	PS
AAAAAUGAAAAAGACAGCUAUCGCGAUUGCAGUGGCACUGG	0.22	0.027	mRNA	Ecoli
ACAAGGAGGGGGUCGGCGGUUCGAUCCCGUCAUCACCCACC	1	0.893	tRNA	kleb
GGGACCAGGGGGUCGCAGGUUCAAAUCCUGUCUUCCCGAUU	0.749	0.412	tRNA	BC
ACCUGGAAGAAGUCGUUGUGUCUUCCGUGAAGGCUGUAGCA	0.061	0.023	mRNA	PS
CGAUAUUUUUGGACGUGGGUUCGACUCCCACCGUCUCCACC	1	0.886	mRNA	BC
GCACCACUGCACAGAAAAUUUGUGCAACCACCGGUGUAAAC	0.08	0.024	mRNA	PS
GGGUGCAAGGGGUCGAGUGUUCGAAUCACUCCGUCCCGACC	0.922	0.689	tRNA	PAO1
UUUCACGGCGGUAACAGGGGUUCGAGUCCCCUAGGGGACGC	0.961	0.736	tRNA	PAO1
AGCCCGCCAGUUGGUCCUGCUCUGGGUCAGCACGGUGUGAA	0.058	0.022	mRNA	PS
AGCGUGGGGAGCAAACAGGAUUAGAUACCCUGGUAGUCCAC	0.938	0.688	rRNA	PAO1
CCGCAGACGCCUGUCAUCGUUGUAUCCGGUGCGGGCGUGAU	0.567	0.25	mRNA	PS
CCAAGGUUGGGGUCGCGGGUUCGAAUCCCGUCUUCCGCUCC	0.923	0.689	tRNA	BC
GGUAAAUUUGCUGCGCUGGCUCUGGCCAUGGCUGUAGCUGU	0.075	0.026	mRNA	PS
UCGUAGACUGUCGCGGGGCUUGCGCCCCCAACGGAAAAAGG	0.264	0.1	mRNA	PAO1
UGACUCCGUCAUGCGCUGGUUCGAAUCCAGCUAGCCCAGCC	0.959	0.762	tRNA	BC
GUGGUGGCAGCGCCAGCGCUUCCGACCUGGGGUCGCGGAUC	0.428	0.051	mRNA	PAO1
CCACCUCCGCCACCGCCAGCUCGUCGGGCGGUGCUUCGUCC	0.19	0.036	mRNA	PS
AAGAGUGUUUUUCCGAACUUUCUUCGCCAUUGCUUUAUGAA	0.31	0.081	mRNA	BC
AUUUAAAGUGGUACGCGAGCUGGGUUUAGAACGUCGUGAGA	1	0.917	rRNA	Ecoli
AGAAGAAAUUCUACAAUUGCUCUGCACAAGACUAGAAAUUG	0.154	0.05	mRNA	BC
AGUAAUCGUGAAUCAGAAUGUCACGGUGAAUACGUUCCCGG	0.099	0.029	rRNA	PAO1
ACACCAUGGGAGUGGGUUGCUCCAGAAGUAGCUAGUCUAAC	0.083	0.025	rRNA	PAO1
GCACGCAGGAGGUCAGCGGUUCGAUCCCGCUUGGCUCCACC	0.966	0.778	tRNA	PS
UGUUUAUCGUGCUGAACAGCUCGGGAUUAUUUUUAUCGAUG	0.159	0.029	mRNA	BC
GAAGGAGCACGCCUGGAAAGUGUGUAUACGGCAACGUAUCG	1	0.857	tRNA	Ecoli
CAGCGAUGGCCUGCCAGGGUUCUCCGUUCCGGACUCCACCG	0.143	0.048	mRNA	PS
AUAAGCGUGAGGUCGAUGGUUCGAGUCCAUUUAGGCCCACC	0.967	0.781	tRNA	BC
AAGGCUAUCCAGAGCUCCGGUCUGGGCUUCAAUCCGACUAA	0.115	0.049	mRNA	PS
CCGGUCGGCGGUUCGUGGCUUGUCACCGACAACCAGACUCU	0.097	0.036	mRNA	PS
CCGGAAGACGAAGCAACCGCUCUGCGCAUUGGUCGUGAAGU	0.209	0.068	mRNA	PS
GCCGAUGGUAGUGUGGGGUCUCCCCAUGUGAGAGUAGGGAA	0.125	0.036	rRNA	kleb
AAAUAUCGCAUUGAGUGAUUUUCACGCUCAUAUCAAGCGGU	0.642	0.136	mRNA	Ecoli
GGUCAUCUUGAGCUGAUCGCUCGGACCCUGAUGAAAGACGC	0.4	0.094	mRNA	PS
UACGCGCAUUAGGGUUUGGCUCUGAUCAAGAAAUCACCGAG	0.062	0.023	mRNA	BC
CAGCUGAAAACCGAAGGUCGUGCGGCGCUGGUCACUUUCAU	0.578	0.227	mRNA	PS
AAGAUCAAGCGCGGCGACCCUCUGGACACUGACACCAUGGU	0.625	0.346	mRNA	PS
AGGGUGUGACGCCUGCCCGGUGCCGGAAGGUUAAUUGAUGG	0.444	0.167	rRNA	PS
GCGCGACCCUGCUGUCCUGCUCGGAGUUCGGCGACGCGAUG	0.155	0.028	mRNA	PAO1
ACAAGCAGGGGGUCGGCGGUUCGAUCCCGUCAUCCUCCACC	0.916	0.676	tRNA	BC
UUAGAACGUCGUGAGACAGUUCGGUCCCUAUCUGCCGUGGG	1	0.958	rRNA	Ecoli
UCCACAUCGACGGGGAGGUUUGGCACCUCGAUGUCGGCUCA	0.963	0.684	rRNA	BC
GCUGCGAUCACUACAGUUCUUGCAAAAGCUGGUGGUGCUGA	0.067	0.039	mRNA	BC
GCCGAUGGUAGUGUGGGGUCUCCCCAUGUGAGAGUAGGGAA	0.124	0.036	rRNA	kleb
GCAUCGUUCCAAGGAAGUCUUCCUGUUCCAGCAGAACGAUA	0.212	0.022	mRNA	PAO1
CAAGAUCACGCUCGAGCCUCUCGAGCGUGGUUUUGGUCACA	0.162	0.04	mRNA	PAO1
CAAACAAUUGCAAAACGUCUUGUAGAAGUUCAACAAACAUC	0.085	0.032	mRNA	BC
GCACGCUGGAAAGCGAGUUCUCCGGCAACCUCACCGAGGUC	0.089	0.025	mRNA	PS
UUUGUAAUCGCUGACUGCUGUCACGGGAAAACCGCACUGCU	0.09	0.026	mRNA	PS
CAGCUGCGUAUCGCUCAGGCUCUGGAACUCUGUGGCCAGCG	0.178	0.058	mRNA	PAO1
UUGAAGUCGGCAGUUUUGUCUCGGCCAAAUGGGUGCCGCAG	0.544	0.2	mRNA	PS
GUAGACACGCCAGCUUCAGGUGCUGGUGACCGCAAGGUCGU	0.787	0.389	tRNA	PS
AGUUCGGUCCCUAUCUGCCGUGGGCGCUGGAGAACUGAGGG	0.314	0.16	rRNA	Ecoli
CACCGACGGCGUGGUUCAGCUCUCCGGUACCGUCGAUUCUC	0.055	0.021	mRNA	Ecoli
UGGGUGACCACCGUGCGGGUUCGACCCCCGCCCUCGGCACC	0.643	0.327	tRNA	BC
UCCAAGCUCUGGUCGAGAGUUCGAUUCUCUUCACCCGCUCC	0.93	0.703	tRNA	BC
AUGGAACCAGGUUCUGUCGUUGUAGAUAUCGCGAUUGACCA	0.137	0.042	mRNA	BC
GCCCCGGUAAACGGCGGCCGUAACUAUAACGGUCCUAAGGU	0.857	0.384	rRNA	PAO1
GUGAGACAGUUCGGUCCCUAUCUGCCGUGGACGUUUGAGAU	0.133	0.02	rRNA	PAO1
CGAACCGAGCGGUCGGAGGUUCGAAUCCUCCUGAGUGCGCC	0.94	0.722	tRNA	PAO1
GCACGCAGGAGGUCAGCGGUUCGAUCCCGCUAGGCUCCACC	0.998	0.852	tRNA	BC
GGCGGUGUUUGGCACCUCGAUGUCGGCUCAUCACAUCCUGG	0.602	0.385	rRNA	PAO1
AGCGCCUUUGGCGUGGGGGUUCGACUCCCUUCACCCGCACU	0.942	0.727	tRNA	BC
CAGUCGCCGCUUCGUCGUCGUCCUCUUCGGGGGAGACGGGC	0.148	0.02	ncRNA	Ecoli
UAAGUUGACCGCCUGGGGAGUACGGCCGCAAGGUUAAAACU	0.598	0.095	rRNA	PS
GUAUUGAGAUUAGCGGAACGUUCUGGAAAGGACGGCCAUAG	0.369	0.125	rRNA	PS
CCAAGGUUGGGGUCGCGGGUUCGAAUCCCGUCUUCCGCUCC	0.939	0.721	tRNA	BC
CCCGGUAGAACCGUUCCUUAUGAAGUUGCCGAGAUACGUCC	0.702	0.4	mRNA	Ecoli
GUGCAGCUGGGCGGUGUAGCUCUGGGGACCACUCAAGUUAU	0.141	0.046	mRNA	Ecoli
GGCCCUGGCGGCGGCCAAGGUGGUGAUCGUCGCCGAUCACC	0.297	0.111	mRNA	PAO1
CUUUGAAGCGUGGACGCCAGUUCGCGUGGAGCCAUCCUUGA	0.216	0.034	rRNA	PAO1
GUUAAAAAGACAGUGGUUGAUGGCAUCGCCCACAUCCACGC	0.079	0.022	mRNA	PS
AGGUCGCUUGAGGCGUACAGUGAUGUGCGUCCCAGAGGAAU	0.094	0.024	mRNA	PAO1
CUGGUAGUGGGGGAUAACGCUCGGAAACGGACGCUAAUACC	0.481	0.125	rRNA	PS
AUACGAUGGCGUGUUUGCCCUCUGGUACGGUAAAGGCCCGG	0.376	0.167	mRNA	PS
GGUCGGAGGUUCAAAUCCUCUCGUGCCGACCAAAAACUCCA	0.254	0.069	tRNA	kleb
GACGAGACUCUGCGUGGCGCUCUGCGUAAAGCAGGCUUCGU	0.096	0.032	mRNA	PS
GUAACGCUGUAUAAUUCGCCUCCCGCUGAUGAGCAACUGAA	0.258	0.097	mRNA	PS
CAUGGGAGACACACGGCGGGUGCUAACGUCCGUCGUGAAAA	1	0.909	rRNA	PAO1
UCCUCCAGAAUCCCCCGGAUUGCCACCGGGGGAUUUAUGAU	0.396	0.1	mRNA	BC
CCGUUCAACAACUACGUUGCUCUGAACAAGAAAGGCGCUAU	0.321	0.111	mRNA	kleb
UCAGAACGUCGUGAGACAGUUCGGUCCCUAUCCGUCGUGGG	0.588	0.282	rRNA	BC
CUUCCAGGACGACGCAGAACUGCCGUUGGCCUUCAAAGCGC	0.804	0.241	mRNA	Ecoli
GGUCGCGGGUUCGAGUCCCGUCCGUUCCGCCACUUAUUAAG	0.601	0.14	tRNA	kleb
UUUCACGGCGGUAACAGGGGUUCGAGUCCCCUAGGGGACGC	0.975	0.769	tRNA	PAO1
CCCGCCACUAUGCCAGCCGGUCGGCGCUGGGCAUCCAGGUA	0.213	0.051	mRNA	PAO1
AAAACCACGCUGACCGCUGCUCUGACUCGCGUCUGCUCCGA	0.062	0.023	mRNA	PS
AUCAUAAGAUGGUUAUCUUGUACUGAAUACAUAGGUGCAAG	0.778	0.25	rRNA	PS
GUAUUGAGAUUAGCGGAACGUUCUGGAAAGGACGGCCAUAG	0.369	0.125	rRNA	PS
UGCUGCUCAAGACCGACCUGUCGGCACGCGAAAUCGCCGAG	0.151	0.045	mRNA	PS
GCUGGUUGGUUUCGGCACCUUCGCUGUCAAAGAGCGCGCUG	0.104	0.025	mRNA	PAO1
GUCACAAGCGUAUCAAGGGUUCGAAUCCCUUGCUCUCCGCC	0.969	0.786	tRNA	BC
GGCGAGAGUCGCGCGGGGGUUCGAAUCCCUCUACCUCCUCC	0.947	0.738	tRNA	BC
UUAGAACGUCGUGAGACAGUUCGGUCCCUAUCUGCCGUGGG	0.896	0.641	rRNA	kleb
ACAAGCAGAGGGUCGGCGGUUCGAUCCCGUCAUCACCCACC	0.964	0.775	tRNA	PAO1
AGCUGGGAGAGCGCCUGCUUUGCACGCAGGAGGUCUGCGGU	0.145	0.042	tRNA	kleb
GGUGGAGAUUCCCUCGCCGGUGGCCGGACGCAUCCUCGCCC	0.094	0.03	mRNA	PAO1
UCAGAACGUCGUGAGACAGUUCGGUCCCUAUCCGUCGUGGG	0.819	0.521	rRNA	BC
CGUAUUCGCCAACCUGAUGCUCUGGCAGCGUCGCCUGUCCA	0.126	0.041	mRNA	PS
UGAUUCCCGGCGAGGGACUGUCGCGGCCGCAUUUCGUCAUC	0.13	0.038	mRNA	PAO1
GUAAGGGUGAGGUCAGCGGUUCAAAUCCGCUCAUGAGCUCC	0.956	0.75	tRNA	PAO1
GUUAAUCACUGGGUCCCUGGUUCGAGUCCAGGUCGUGGAGC	1	0.857	tRNA	PS
GGCGGUGUUUGGCACCUCGAUGUCGGCUCAUCACAUCCUGG	0.666	0.444	rRNA	kleb
UGACCCUGGCUAAGAAGGGCUCGGGUGUUGUGACUGCUGCC	0.196	0.037	mRNA	PAO1
GGAUUCUUCUUGGAACGCUCUUCGCCGCUGUAUCCAUCAAC	0.14	0.042	mRNA	PS
GGCCCUGCUGCUGAAGCUGCUCUGGCUGCCGGUGCUGAUCG	0.112	0.037	mRNA	PS
CAUGGGUCUUGGCGAGGCGGUCGGUGACAAGAAGAUCAUCG	0.205	0.048	mRNA	PAO1
CGACGUCAAAGAGCCUGUGCUCUGCGCGCCGAACGACCCGG	0.123	0.04	mRNA	PS
GAAACUGGUAAAUAUGACCUUGCAGGCGAAGGCCGUACUGG	0.124	0.055	mRNA	BC
AGGCUUCGACAUCAACAGCUUGCGCAAGGAACUGAGCGCAG	0.753	0.4	mRNA	PS
UCAGAACGUCGUGAGACAGUUCGGUCCCUAUCCGUCGUGGG	0.796	0.49	rRNA	BC
CCAAGGUUGGGGUCGCGGGUUCGAAUCCCGUCUUCCGCUCC	0.903	0.652	tRNA	BC
GCCGCCAUUGCCGGAUGCGCUGGGCGAGGCCUUCCCACGCC	0.273	0.068	mRNA	PS
UCACGCAGGAGAUCGCCGGUUCGACCCCGGUCGGGACCGCC	0.86	0.582	tRNA	BC
UUAACCGAUCGGUCGUAGGUUCGAGUCCUACCUGCGGAGCC	0.887	0.625	tRNA	BC
UUAGAACGUCGUGAGACAGUUCGGUCCCUAUCUGCCGUGGA	0.859	0.58	rRNA	PAO1
UUGUAAAUGAACAACGUGUCUCUGCUGAAGAAGAGUACGAU	0.119	0.031	mRNA	BC
CAAAACCGGGUGUUGGGAGUUCGAGUCUCUCCGCCCCUGCC	0.97	0.787	tRNA	kleb
UCCACAUCGACGGGGAGGUUUGGCACCUCGAUGUCGGCUCA	0.82	0.406	rRNA	BC
GGGAGCAGGAUGUCAGGAGUUCGAAUCCCCUUACCCCGACC	0.9	0.647	tRNA	PS
GUAAACGGCGGCCGUAACUAUAACGGUCCUAAGGUAGCGAA	0.913	0.48	rRNA	kleb
GAAAGCCACGGCUAACUACGUGCCAGCAGCCGCGGUAAUAC	0.995	0.61	rRNA	BC
AGUAAUCGUGAAUCAGAAUGUCACGGUGAAUACGUUCCCGG	0.117	0.034	rRNA	PAO1
UUAAGGAAGAACUUAAGCUUUCGAACGUGAUGGAAGUUCCG	0.109	0.023	mRNA	PS
AGCCGUGAAGGGCGUGGACUUCGUCCACACCGACGUCUGGG	0.096	0.023	mRNA	PAO1
AUUUACCGGAAGGAAAUCGCUCCGAAACUUAAGGAAGAACU	0.071	0.021	mRNA	PS
AGGGUGUGACGCCUGCCCGGUGCCGGAAGGUUAAUUGAUGG	0.301	0.102	rRNA	PAO1
GCGCCAGGCCAUCGGUCAGGUCGCCCAGUCGCUGUUCGCCA	0.115	0.025	mRNA	PAO1
GCCCCAUCGGCUAAGGUUCUUUCUCACAGAAGGUGCUUUUU	0.142	0.022	mRNA	BC
AGCGCCACCGGCCCACACGGUCGCGUGCUGAAAGAAGAUGU	0.195	0.046	mRNA	PS
AGGGUGUGACGCCUGCCCGGUGCCGGAAGGUUAAUUGAUGG	0.394	0.143	rRNA	PS
AAAAGUUAGCGGAUGACCUGUGGAUCGGAGUGAAAGGCUAA	0.295	0.103	rRNA	PS
GACCUGAAAGCUAACGGCGCUCGCGUUGUUCUGGAAGGCAA	0.168	0.031	mRNA	PS
UUAAUCAAUUGGUCGCAGGUUCGAAUCCUGCACGACCCACC	0.984	0.819	tRNA	kleb
CCCAAGCUCAUGACGAGGGUUCGAUUCCCUUCGCCCGCUCC	0.918	0.68	tRNA	PAO1
CCAACUGGUCGGUGACGACCUGUUCGUAACCAACACCAAGA	0.279	0.108	mRNA	PS
GUACUCCGGGGAUAACAGGCUGAUACCGCCCAAGAGUUCAU	1	0.792	rRNA	PS
GAGUGAAAGGCUAAUCAAGCUCGGAGAUAGCUGGUUCUCCU	0.299	0.063	rRNA	PAO1
GAGUGAAAGGCUAAUCAAGCUCGGAGAUAGCUGGUUCUCCU	0.283	0.058	rRNA	PAO1
GGUAGCGCCUCAUGUAUCACUCUGGGGGGUAGAGCACUGUU	0.136	0.029	rRNA	PAO1
CGGUAAACGGCGGCCGUAACUAUAACGGUCCUAAGGUAGCG	0.706	0.208	rRNA	PAO1
UACGGCAACGUAUCGGGGGUUCGAAUCCCCCCCUCACCGCC	0.961	0.767	tRNA	Ecoli
CGGCAAGCCCCUGCUGGUGCUCGGCAGCAUGAUGGACGAGC	0.202	0.038	mRNA	PAO1
GUAAACGGCGGCCGUAACUAUAACGGUCCUAAGGUAGCGAA	0.948	0.581	rRNA	PAO1
AGAAGCACCGGCUAACUCCGUGCCAGCAGCCGCGGUAAUAC	0.96	0.563	rRNA	kleb
UAAAAACAAUGAAAACCGUGUGGCAAUGACGCCAGCGGGAG	0.213	0.07	mRNA	BC
UGGGUUGCUCCAGAAGUAGCUAGUCUAACCGCAAGGGGGAC	0.186	0.02	rRNA	PAO1
GUAGAGCAUCUGACUUUUAAUCAGAGGGUCGAAGGUUCGAG	0.991	0.714	tRNA	BC
UUUAGAACGUCGUGAGACAGUUCGGUCCCUAUCUGCCGUGG	1	0.913	rRNA	Ecoli
ACUUCAGUGUCCCCUUCGUCUAGAGGCCCAGGACACCGCCC	0.975	0.741	tRNA	kleb
CGAACCGAGCGGUCACAGGUUCGAAUCCUGUCGAGUGCACC	0.824	0.528	tRNA	PS
GCUCGCGAAGUCCUUGACUCUCGUGGUAACCCAACUGUAGA	0.184	0.047	mRNA	BC
UUCCGCAGGUAGCACUCAGUUCGCCGUGGCCGACGCAUUCG	0.08	0.025	mRNA	PAO1
AGAAGCACCGGCUAACUCCGUGCCAGCAGCCGCGGUAAUAC	0.956	0.558	rRNA	kleb
UUAGAACGUCGUGAGACAGUUCGGUCCCUAUCUGCCGUGGG	0.9	0.647	rRNA	kleb
UGGCGUCUACACCGUGCCGUUCGACCCGGCAGCCCUGCCAC	0.624	0.31	mRNA	PS
UUAGAACGUCGUGAGACAGUUCGGUCCCUAUCUGCCGUGGG	0.891	0.632	rRNA	kleb
UUAACCAAUUGGUCGUAGGUUCGAAUCCCACACGACCCACC	0.974	0.795	tRNA	PS
CAAUUAUGUCCACUAGCAGCUCUGCUGUAAGCCAGCUCAAA	0.271	0.091	mRNA	PS
UGGUCCAGCGAUUCAGGGCGUUGCCCGGUGUGGCAGACGCC	0.961	0.48	mRNA	PAO1
CACUCGUACCCGCGAUCUGAUCGGCGAACUCGUGGCCCAGG	0.32	0.077	mRNA	PS
GUACUCCGGGGAUAACAGGCUGAUACCGCCCAAGAGUUCAU	1	0.787	rRNA	PAO1
UCCAAGCUGAUGAUGCGGGUUCGAUUCCCGCUGCCCGCUCC	1	0.906	tRNA	kleb
CAAUUAAAGUAUUAGGCGGCUCUGGUCGUAAAUAUGCUAAC	0.109	0.036	mRNA	BC
GCUGCCGAAGGACAUGACGAUUGCAAUCGUUCUGGUCUUCG	0.608	0.183	mRNA	PS
GCCGAUGGUAGUGUGGGGUCUCCCCAUGUGAGAGUAGGGAA	0.121	0.034	rRNA	kleb
AUAAGGGUGAGGUCGGCAGUUCGAAUCUGCCCAGACCCACC	0.891	0.633	tRNA	PS
UUUGAAGCGUGGACGCCAGUUCGCGUGGAGCCAUCCUUGAA	0.069	0.021	rRNA	PAO1
ACGCCAGUAGAAUUAGCUGUUCCUGUACUUCAGGAAGCUGU	0.081	0.02	mRNA	BC
GUACUCCGGGGAUAACAGGCUGAUACCGCCCAAGAGUUCAU	1	1	rRNA	Ecoli
GCCCCGGUAAACGGCGGCCGUAACUAUAACGGUCCUAAGGU	0.731	0.237	rRNA	kleb
GGGCGAAGGCGAGUUCGAAGUCGCCACCGUCGACAAGGCUG	0.398	0.059	mRNA	PS
GCCCCGGUAAACGGCGGCCGUAACUAUAACGGUCCUAAGGU	0.828	0.341	rRNA	kleb
UCGAAUACGAUCCAAACCGCUCUGCGAAUAUCGCAUUAAUU	0.088	0.03	mRNA	BC
AGCGCCUGAACAGCGCCAUCUCGCGUCUCGGCGUGCCGAGC	0.093	0.022	mRNA	PAO1
GUAAACGGCGGCCGUAACUAUAACGGUCCUAAGGUAGCGAA	0.785	0.271	rRNA	kleb
CUGCCAGUUGGUUCUGCCGGUGACGGCAGGGCGACUGGCGC	0.322	0.152	mRNA	PS
CCCAGCUCAGCUGGAACUGGUUUCCUACGGCGAAGAGCGUC	0.205	0.023	mRNA	PS
GCCCCGGUAAACGGCGGCCGUAACUAUAACGGUCCUAAGGU	0.986	0.727	rRNA	PS
GUACUCCGGGGAUAACAGGCUGAUACCGCCCAAGAGUUCAU	1	0.775	rRNA	PAO1
UCACGCCGGGGGUCGCGGGUUCGAGUCCCGUCCGCUCCGCC	0.973	0.793	tRNA	PAO1
GCACGCAGGAGGUCUGCGGUUCGAUCCCGCAUAGCUCCACC	1	0.898	tRNA	kleb
CUGGCCGACAUUCCGCCGGCUCCGCGCGGCGUGCCGCAGAU	0.087	0.027	mRNA	PAO1
UGGGUGACCACCGUGCGGGUUCGACCCCCGCCCUCGGCACC	0.657	0.339	tRNA	BC
AAGAAAUCCGCUCCAGCCGCUGCUCCUGCUGCCAAACCUGC	0.28	0.027	mRNA	PS
GAGUGAAAGGCUAAUCAAGCUCGGAGAUAGCUGGUUCUCCU	0.658	0.222	rRNA	PS
GUAAACGGCGGCCGUAACUAUAACGGUCCUAAGGUAGCGAA	0.764	0.25	rRNA	BC
UACUUGAACGAAACCCACGUUGUCUGGAGCGUGGCAGAUGG	0.074	0.021	mRNA	PS
CCACUUUAUAAGUAGCUGGCUCUCCGGGAUUUCAGAGCAGU	0.105	0.035	mRNA	BC
CUGGUAGUGGGGGAUAACGCUCGGAAACGGACGCUAAUACC	0.417	0.1	rRNA	PS
AGUUCGGUCCCUAUCUGCCGUGGGCGCUGGAGAACUGAGGG	0.315	0.161	rRNA	Ecoli
CUGGACAUCAAGCUGGGCGCUCGCGUGACCGGUUCCAAGGU	0.19	0.036	mRNA	PS
CUCAAAAGGGUGUCGGGGGUUCGAAUCCCCCGUUCUCCGCC	1	0.924	tRNA	PS
GUGUAUGUGAACCCGAUCGAUCGGGAGAUUCUGGUCCUGCG	0.182	0.038	mRNA	PS
AUAGUCAGAUCAACUCUGGCUCUGGGGGCACCACGGGCUCG	0.233	0.077	mRNA	kleb
UGCUGGCUGUAAUGUUGACCUCUGCCGUCGCGACCGGCUCU	0.076	0.027	mRNA	Ecoli
CGAGCGGCAGCACGGGUACUUGUACCUGGUGGCGAGCGGCG	0.684	0.409	rRNA	PS
UUAACUGGCGUUGAGCUAGUUGGUGAGCUUGCUGACAUUAU	0.082	0.022	mRNA	BC
AAAAGUUAGCGGAUGACCUGUGGAUCGGAGUGAAAGGCUAA	0.407	0.158	rRNA	PS
UUAGAACGUCGUGAGACAGUUCGGUCCCUAUCUGCCGUGGA	0.843	0.555	rRNA	PAO1
UCUCACCUGGAGAUCGUUUCUCCGGUGGUCGAGGGGUCGGU	0.077	0.021	mRNA	PS
GUAGAGCAGUUGACUUUUAAUCAAUUGGUCGCAGGUUCGAA	0.773	0.184	tRNA	kleb
AACGAGGACACGCGUCGUGCUCUGACUUCUUUCGAUGAUGC	0.065	0.024	mRNA	PS
CUGUCUUCUGACGUUCAGACUCUGAACGCUAAAGUUGACCA	0.155	0.034	mRNA	Ecoli
UCGCGAACGCGGUGCGAGGGUUCGAAUCCCUUCUUCUCUGC	0.981	0.782	tRNA	BC
UGCCGUGGACGUUUGAGAUUUGAGAGGGGCUGCUCCUAGUA	0.307	0.118	rRNA	PS
GCCGAUGGUAGUGUGGGGUCUCCCCAUGUGAGAGUAGGGAA	0.125	0.036	rRNA	kleb
AACCGGGAGAUAGCUGGUUCUCCCCGAAAGCUAUUUAGGUA	0.092	0.026	rRNA	kleb
GUAGCACAGAGAGCUUGCUCUCGGGUGACGAGCGGCGGACG	0.196	0.05	rRNA	kleb
CCGGGCCACGCCGACUAUGUUAAAAACAUGAUCACCGGUGC	0.583	0.389	mRNA	kleb
CCUAGGAAUCUGCCUGGUAGUGGGGGAUAACGUCCGGAAAC	0.128	0.02	rRNA	PAO1
GUAGAGCAGUUGACUUUUAAUCAAUUGGUCGCAGGUUCGAA	0.778	0.188	tRNA	kleb
CGCCGCCGGCAUCCCGGUGUUCGCCUGGAAGGGCGAGACCG	0.184	0.062	mRNA	PAO1
GGUCGGUGGUUCAAGUCCACUCAGGCCUACCAAAUUUGCGA	0.802	0.342	tRNA	kleb
AUCCCGCUGCCGCCAGCCUCUUCCGGGGCUGGCGGUUUUCC	0.142	0.042	mRNA	PAO1
CAAGCCGGCAGCGAAGCCUGUCGCGAAACCGACGGCCAAGC	0.147	0.043	mRNA	PAO1
CAAGCCUACGCAGAUGGUGCUCCCGGUUCCUUACCGAAUCA	0.142	0.045	mRNA	PS
AUCAAGGGCGCCAACACCGCUCUGGACGCUCUGUACCACUU	0.22	0.072	mRNA	PS
ACGACACCGCACAAAGCCUGUCGCGGAUGCUCGGGCAGAUU	0.357	0.125	mRNA	PAO1
AAGAAAGCGUCGUACGCAUUUCAAAUUAUCAGUACCUGGUA	0.784	0.356	mRNA	BC
UCGUGGAGCGCUGGUUACGUUCAAACCGUGCCCAGUUGUCG	0.956	0.75	mRNA	Ecoli
GUACUCCGGGGAUAACAGGCUGAUACCGCCCAAGAGUUCAU	1	1	rRNA	Ecoli
AGCGUGGGGAGCAAACAGGAUUAGAUACCCUGGUAGUCCAC	0.957	0.725	rRNA	PAO1
GCUGUCAAAGAGCGCGCUGCUCGCACCGGUCGCAACCCGCA	0.138	0.025	mRNA	PAO1
CGGCGCCUUCGACAUCGAGCUGGAGGUCCUGCUGCUCACCG	0.345	0.092	mRNA	PAO1
CCAAGGUCGGGGUCGCGAGUUCGAGUCUCGUUUCCCGCUCC	0.92	0.684	tRNA	kleb
GUGGGGUUACUCUCGUCGUGUUGUAGAUCUUGUAACGUUAG	0.861	0.13	mRNA	BC
CGCAAGUUCGAGGAACUGGCUGCCGCUCGCAACCAGGGCGA	0.234	0.021	mRNA	PAO1
ACGCAAAUCAUGGGUCCGGUUGUAGACGUUAAGUUUGAUGG	0.173	0.054	mRNA	BC
UGGCUCCGGCAUUCGUGGGUUCGAUUCCCAUCAGUCGCCCC	0.917	0.679	tRNA	BC
AAUAAACGCAGAAGAUAUCUUCUGCGUUUAUUUUUUUUUGU	0.185	0.041	mRNA	BC
CUAAGGGGAAGGUUGGAGGUUCGACCCCUCUCCGGGACGCC	0.94	0.723	tRNA	PAO1
CAUGGGAGACACACGGCGGGUGCUAACGUCCGUCGUGAAAA	1	0.867	rRNA	PAO1
UUUCACGGCGGUAACAGGGGUUCGAGUCCCCUAGGGGACGC	0.891	0.6	tRNA	PS
CGGCCUCGGCUUCCUCUGGUUCAACACCUAUCCGGCGCAGG	0.544	0.231	mRNA	PAO1
AGCGGCCGCUGCCAAGCCAGUCGCCAAAACUGCUGCCAAGC	0.333	0.046	mRNA	PS
AUUUAAAGUGGUACGCGAGCUGGGUUUAGAACGUCGUGAGA	1	0.942	rRNA	Ecoli
UUCGGAAACACAUUGAAUGCUCUGAGCAAAUGGCCUGACAA	0.371	0.133	mRNA	PS
GAGCAGGAAAAAGGCCUGGAUCGCAGCAAAAUGGUGGCGUU	0.12	0.024	mRNA	Ecoli
GACGGCUUUUGCCCGCGCGAUCGGCGAUGAGACGUUUCGUC	0.133	0.027	mRNA	kleb
AAGCCGAGGUGUUUUACAUCUCCGGUGGUUUCCUUGAGGUU	0.176	0.053	mRNA	PS
CCCGGAUAUCGUCUGGGACUUCCGCCUGCCGCGUGUGAAAU	0.476	0.06	mRNA	Ecoli
CCAAGGUCGGGGUCGCGAGUUCGAGUCUCGUUUCCCGCUCC	0.984	0.818	tRNA	PAO1
GUUCAGGCGGUCAAGAGCGCUCUGGAGCAGUCGCCUCCGGA	0.129	0.042	mRNA	PS
CCGCACGAAAGGUGUAACGAUUUGGGCACUGUCUCAACCAG	1	0.625	rRNA	BC
AUAAGGGUGAGGUCGGCAGUUCGAAUCUGCCCAGACCCACC	0.891	0.633	tRNA	PS
CCGAACGUGGGUGAAGCGGCUCUGAACAAGCUGGACGAAGC	0.143	0.047	mRNA	PS
AACGUUCUGAAAUUCUCUGCUCUGGCUCUGGCUGCUGUUCU	0.101	0.034	mRNA	PAO1
UUCCGCGCCGGCGAAGCGGCUCUGCAUGCCAAGGUCAAGGU	0.147	0.048	mRNA	PS
UGGAGCGCGCAUCGCGUGUUUCCGAAGAGUACGUAGAGAAG	0.33	0.038	mRNA	PS
UAUGUUGCCGCCAUCAAGGCUGCGCAACUUGGUCUCAAGAC	0.399	0.044	mRNA	PS
AAAAGUUAGCGGAUGACCUGUGGAUCGGAGUGAAAGGCUAA	0.392	0.15	rRNA	PS
CAGUGACCGGCAAAACCGGCUCGCUGACCGCACUGCCGAUC	0.201	0.038	mRNA	PS
GGCGGUGUUUGGCACCUCGAUGUCGGCUCAUCACAUCCUGG	0.643	0.423	rRNA	kleb
AUUUAAAGUGGUACGCGAGCUGGGUUUAGAACGUCGUGAGA	1	0.913	rRNA	Ecoli
GUAGCACAGAGAGCUUGCUCUCGGGUGACGAGCGGCGGACG	0.224	0.059	rRNA	kleb
UUACGUUAACCGCCGCGGCGUUGUAGGACGCGACGGCCGUA	0.338	0.035	mRNA	BC
GGGACCAGGGGGUCGCAGGUUCAAAUCCUGUCUUCCCGAUA	0.818	0.5	tRNA	BC
AGGAGCGUUCUGUAAGCCUGUGAAGGUGAGUUGAGAAGCUU	0.079	0.029	rRNA	PAO1
GCAAGGUCACGUUUACCGGUUCGACACCGGUCGGCAAGCAA	0.93	0.702	mRNA	PS
GUCGCUGCCGGUGAGCUGGUUCAAGUCCUACUCGAUGUACU	0.531	0.222	mRNA	PAO1
CACGGGAGACACACGGCGGGUGCUAACGUCCGUCGUGAAGA	1	0.986	rRNA	Ecoli
CCUGCGCAGCCUCUGGCCGCUGGACCUGGAAACCAUCGUCG	0.117	0.025	mRNA	PAO1
GGCGAGAGUCGCGCGGGGGUUCGAAUCCCUCUACCUCCUCC	0.99	0.833	tRNA	BC
GGACUCGGACAAGACCCUGCUGGAUACGCUCACCGACGAUC	0.384	0.107	mRNA	PAO1
GUGGUAGCCUGCGAAAAGCUUCGGGGAGUCGGCAAACAGAC	0.277	0.077	rRNA	PS
UAAGUUGACCGCCUGGGGAGUACGGCCGCAAGGUUAAAACU	0.55	0.08	rRNA	PS
AAGUCGAGCGGCAGCACGGGUACUUGUACCUGGUGGCGAGC	0.386	0.131	rRNA	PS
GGGUGCUAGGGGUCGAGUGUUCGAAUCACUCCGUCCCGACC	0.936	0.714	tRNA	PS
GAACCGACUGGAAAAGUCGCUGAAGCUAUCGCCGCAUCUUU	0.293	0.039	mRNA	Ecoli
AUAAUUGGCAAACAAAACAAUCUUUCUUUAGCUGCUUAAUU	0.296	0.04	mRNA	BC
GGCCCAGGCCUUGCGCAGGCUGGGCGUCGAGCUGUACCUCG	0.166	0.037	mRNA	PAO1
UCAAAAGCUGCAUCCGGGGUUCGAAUCCCCGCCUCACCGCC	1	1	tRNA	Ecoli
ACAAGCAGGGGGUCGGCGGUUCGAUCCCGUCAUCCUCCACC	0.979	0.808	tRNA	BC
AAGUCGAGCGGCAGCACGGGUACUUGUACCUGGUGGCGAGC	0.347	0.113	rRNA	PS
GCGCUGGCACGUGAGCCGGGUGGCCGAGCAACUGGGGAUCA	0.664	0.346	mRNA	PAO1
GUACUUGAUGCGCAAUCUGGUGUAGAACCACAAACAGAAAC	0.059	0.031	mRNA	BC
GGUCGCGGGUUCGAGUCCCGUCCGUUCCGCCACUAUUCAGA	0.606	0.142	tRNA	kleb
GCAACAGCAAUCGGUACUGGUCUGAACACGCCGAAAGAGUA	0.176	0.077	mRNA	Ecoli
AUAAGGGUGAGGUCGGCAGUUCGAAUCUGCCCAGACCCACC	0.891	0.633	tRNA	PS
CAAAACUGCCCUGAGGCAGCUCCCGAACUGGUUGGAUCACA	0.131	0.042	mRNA	PS
UGUUCAUUCUGCUGCGCGCUUCCAUCCCGCGCCCGCGUUAU	0.641	0.107	mRNA	PS
GUAGAGCAACUGACUUGUAAUCAGUAGGUUGGGGGUUCAAG	0.898	0.346	tRNA	BC
AGCAGGAAAGCCAGGCCGUGUUUCUGCUCAAGCAGCAGAGC	0.766	0.115	mRNA	PS
GUUCGCAAGGUACCUUCCACUCCGAGCAAGCCAUUGCCUAC	0.268	0.036	mRNA	PS
GUAGCACAGAGAGCUUGCUCUCGGGUGACGAGCGGCGGACG	0.192	0.049	rRNA	kleb
CGAGUCUGCCGACCGGAUGAUCGGCCGGGUACAGGCGCUGG	0.578	0.188	mRNA	PS
CGGUAAACGGCGGCCGUAACUAUAACGGUCCUAAGGUAGCG	0.714	0.214	rRNA	PAO1
ACAAGGAGGGGGUCGGCGGUUCGAUCCCGUCAUCACCCACC	1	0.894	tRNA	kleb
UUAGAACGUCGUGAGACAGUUCGGUCCCUAUCUGCCGUGGG	0.901	0.65	rRNA	kleb
AAACCUUAGAAGAAUUUUCUUCUAAGGUUUUUUUAUUUGUA	0.101	0.022	mRNA	BC
AACGAACCAACCGCGGCCGCUCUGGCUUACGGUAUGGACAA	0.087	0.03	mRNA	PS
AGCUGGGAGAGCGCCUGCCUUGCACGCAGGAGGUCAGCGGU	0.475	0.192	tRNA	PS
CUGAGUCGAUAAGAGUAAGGUCGGGCGCAUCCCUUGCAGGA	0.35	0.095	mRNA	PS
CCGCACGAAAGGUGUAACGAUUUGGGCACUGUCUCAACCAG	1	0.667	rRNA	BC
CGACGUUGAUAGGCCGGGUGUGUAAGCGCAGCGAUGCGUUG	0.478	0.25	rRNA	Ecoli
GGGAGCAGGAUGUCAGGAGUUCGAAUCCCCUUACCCCGACC	0.836	0.545	tRNA	PS
GUUAGCGCAAGCGAAGCUCUUGAUCGAAGCCCCGGUAAACG	0.332	0.135	rRNA	PAO1
UGGAAACGGUCUACGUCCUCUCCGGCAAACAGAUUUAUAAA	0.159	0.047	mRNA	Ecoli
CCGCGCUGGAUGUGGAGCGCUAUCUCGAUUCGCUCUGAUGA	0.687	0.286	mRNA	PAO1
AAGCAAGAUUUAGAUACGGUUGUAGAGUUAAGCUUACCGCA	0.204	0.065	mRNA	BC
GAAAGCCACGGCUAACUACGUGCCAGCAGCCGCGGUAAUAC	0.964	0.568	rRNA	BC
AGGACGCAAGCACGGAAAGGUUGCGUAACCAUUGUAUUUAU	0.796	0.029	mRNA	BC
UUAGAACGUCGUGAGACAGUUCGGUCCCUAUCUGCCGUGGG	1	0.96	rRNA	Ecoli
AGCGUGGGGAGCAAACAGGAUUAGAUACCCUGGUAGUCCAC	0.949	0.709	rRNA	PS
CUGAAAUUCUCUGCUCUGGCUCUGGCUGCUGUUCUGGCCAC	0.451	0.174	mRNA	PAO1
AGUUUGACCGUGGUUACCUGUCUCCGUACUUCAUCAACAAG	0.209	0.087	mRNA	PS
AACCUGCUAUUCAGCAACUUUAAUGCAGUUAUUUGUAGCCA	0.244	0.04	mRNA	PS
CCCGCAAGGCCUUCGAGGUGUUCGUCGACGCCAACCGCUAC	0.127	0.03	mRNA	PAO1
UUAACCGAUCGGUCGUAGGUUCGAGUCCUACCUGCGGAGCC	0.842	0.554	tRNA	BC
CGGUAAACGGCGGCCGUAACUAUAACGGUCCUAAGGUAGCG	0.781	0.277	rRNA	kleb
GCGCAGAUUUCGACUACGGCUCUGCAACUGCUCGUCUGGCC	0.171	0.056	mRNA	PS
CGGUAAACGGCGGCCGUAACUAUAACGGUCCUAAGGUAGCG	0.671	0.183	rRNA	kleb
GAAAACAAGAUCGUCGGUGGUGUAGUUCCUCGUGAAUACAU	0.055	0.029	mRNA	BC
GCGAUGCUAACCAAUUAAACUUCGCUGAAAUCGAAAGCGAA	0.262	0.026	mRNA	BC
CUGCUCGACGAAGGUCGUGCUGGUGAGAACGUUGGUAUCCU	0.157	0.035	mRNA	PAO1
AACCGGGAGAUAGCUGGUUCUCCCCGAAAGCUAUUUAGGUA	0.093	0.026	rRNA	kleb
CUGCGUCGCAAACGCCGUUCUCGGCACUGGCCCUGGCUGAA	0.379	0.115	mRNA	PS
CAUGAAGUACUUAGCACUACUGAUUGUAGCCUCUUCUUUGC	0.226	0.041	mRNA	kleb
CGUGGUUUGUGGUGCCCUGCUGAGCUUUAUCGAACGUCGUC	0.483	0.083	mRNA	PS
CAGAAUACUGAAGGGGUGUUUCUAAUAAGGAGCACCUCUUU	0.192	0.045	mRNA	BC
AAGCAGUACGGUGAAGCGUUUGAAAAACGCCACGGCAUCCG	0.638	0.333	mRNA	Ecoli
CCAGAUUGCUUGGGGUUAUAUGGUCAAGUGAAGAAGCGCAU	0.217	0.038	rRNA	PS
AGGCAGGUUUCUUCUCCAUCUCCGGCAACCUCGCCACCCAG	0.128	0.037	mRNA	PAO1
CGAGGACAUCCAGUUGCGCGUCGGCGAAGGCUUGCCGAUCA	0.138	0.032	mRNA	PAO1
GAUAAAAGGUACUCCGGGGAUAACAGGCUGAUACCGCCCAA	0.19	0.065	rRNA	PAO1
GUAUUGAGAUUAGCGGAACGUUCUGGAAAGGACGGCCAUAG	0.369	0.125	rRNA	PS
AUUUAAAGUGGUACGCGAGCUGGGUUUAGAACGUCGUGAGA	0.977	0.766	rRNA	kleb
CUGGUGUAAAAACCGUGCGCUCCCUGGCAGACAUCGGCAAG	0.157	0.051	mRNA	PS
AGCUGGGAGAGCGCCUGCCUUGCACGCAGGAGGUCAGCGGU	0.195	0.076	tRNA	BC
AGAAGUAGCUAGUCUAACCUUCGGGGGGACGGUUACCACGG	0.164	0.041	rRNA	PS
UGUUCUUCUAUCCGCUGGACUUCACCUUCGUCUGCCCGUCC	0.551	0.084	mRNA	PAO1
GACCGGCAGCAAUCCCAAGGUGCCGAAGGAAGCGGUCGCCA	0.141	0.044	mRNA	PAO1
GCCCUAUGGCCAACGGCGUGUUGCAGGGUGCUGGUCAAGGU	0.766	0.077	mRNA	PS
GCAUGCAAGAGGUCGACGGUUCGAUCCCGUCUAGCUCCACC	0.928	0.7	tRNA	PAO1
AACCGGGAGAUAGCUGGUUCUCCCCGAAAGCUAUUUAGGUA	0.105	0.03	rRNA	kleb
GUGAAACGUCGCGGUGACGUUCGCAAGGCCAAACUGUACUA	0.448	0.186	mRNA	PS
GAAAGCCACGGCUAACUACGUGCCAGCAGCCGCGGUAAUAC	0.968	0.573	rRNA	BC
GGACGUGGACCCUGCCACGCUCCGGCAUCGACAGUUCGCCA	0.25	0.087	mRNA	PS
UCUCACAAAACCGAUCGUAGUCCGGAUCGCAGUCUGCAACU	0.742	0.091	rRNA	PS
GAAUCCCUGGGCGCCAUCGCUCUGGCCGGUCGCGAAAAUCU	0.121	0.04	mRNA	PS
AUCUUCGAGAAAACCUCCACUCGCACCCGCUGCGCCUUCGA	0.179	0.031	mRNA	PAO1
UGCCCAAUGGGUGUAGGGGUUCGAGUCCCCUUCUCGGUACC	0.986	0.824	tRNA	PS
CGGAGGCAGAGGUCUCAGGUUCGAAUCCUGUCGGGCGCACC	1	1	tRNA	kleb
CCUCUGCCGUCGCGACCGGCUCUGCCUACGCGGAAAACAAC	0.085	0.029	mRNA	Ecoli
UCCACAUCGACGGGGAGGUUUGGCACCUCGAUGUCGGCUCA	1	0.95	rRNA	BC
GCGAAAGUUGAAAAACAAGGUCGCGCUAAGAAAAUCAUCGU	0.095	0.021	mRNA	BC
AUUUAAAGUGGUACGCGAGCUGGGUUUAGAACGUCGUGAGA	0.952	0.691	rRNA	PAO1
UAAGUCUCCUGAAGGAACGUUGAAGACGACGACGUUGAUAG	0.214	0.066	rRNA	kleb
GUCAAUGGCGCAGAGAAGAUUCUGGGUGCCACAAUCGAUCA	0.147	0.022	mRNA	PS
UUAAUCAAUUGGUCGCAGGUUCGAAUCCUGCACGACCCACC	0.985	0.821	tRNA	kleb
UCUGCGUGAUGUCGAUACCCUCGGCAUGGCAGACAUCGAGA	0.319	0.077	mRNA	Ecoli
GUUAGCGCAAGCGAAGCUCUUGAUCGAAGCCCCGGUAAACG	0.34	0.139	rRNA	PAO1
CAGGCCGCGCUGCUGACUCGUCUGGCGGAAAGCCAGAAGCC	0.101	0.045	mRNA	PS
GUACUCCGGGGAUAACAGGCUGAUACCGCCCAAGAGUUCAU	1	0.777	rRNA	PAO1
GUUCCUUCGGGAGUGUCGGUUCGACCCCGACCAUCGGUAUC	0.815	0.516	tRNA	BC
ACCGUAACUUCGGGAGAAGGUGCGCCGGUGAGGGUGAAGCA	0.717	0.333	rRNA	PS
CAAAACCGUAGGUUGGGGGUUCGAUUCCCUCCUGACCUGCC	0.936	0.714	tRNA	PS
GCGUUGAAGACCGCGGCCGGUGUGGCGGGCGGUGUGCUGCU	0.181	0.1	mRNA	PS
GCCGAUGGUAGUGUGGGGUUUCCCCAUGUGAGAGUAGGUCA	0.346	0.041	rRNA	PS
UCACGCAGGGGGUCGCGGGUUCGAGUCCCGUCCGUUCCGCC	1	0.907	tRNA	kleb
UGUCAAAGACGUUCUGCUGCUCGACGUCAGCCCGCUGACUC	0.169	0.031	mRNA	PS
UCGGCUUCGGCCGCAACGGCUCUGGCGCAGGUGGCGACUCG	0.136	0.044	mRNA	PAO1
GAAAGCCACGGCUAACUACGUGCCAGCAGCCGCGGUAAUAC	0.994	0.609	rRNA	BC
AUUUAAAGUGGUACGCGAGCUGGGUUUAGAACGUCGUGAGA	0.951	0.689	rRNA	PAO1
CUGUCCCUCCUGGUCCCAGCUCUGCUGGUAGCAGGCGCAGC	0.072	0.026	mRNA	Ecoli
CGAACGCCUGUCGCGGCGUCUCGAAGCGGGUCUGCGCGACC	0.279	0.077	mRNA	PAO1
AGCGUGGGGAGCAAACAGGAUUAGAUACCCUGGUAGUCCAC	0.906	0.63	rRNA	PS
CCAGGAAGUGGGCGAUCUGCUCGGCCACCUUCACGCCGCCA	0.143	0.026	mRNA	PAO1
GGUCAUCUUGAGCUGAUCGCUCGGACCCUGAUGAAAGACGC	0.4	0.094	mRNA	PS
UUGAGAGGGGCUGCUCCUAGUACGAGAGGACCGGAGUGGAC	0.457	0.057	rRNA	PAO1
AGCUGGGAGAGCGCCUGCCUUGCACGCAGGAGGUCAGCGGU	0.475	0.192	tRNA	PS
GCCCCGGUAAACGGCGGCCGUAACUAUAACGGUCCUAAGGU	0.726	0.233	rRNA	kleb
AGGAGCGUUCUGUAAGCCUGUGAAGGUGAGUUGAGAAGCUU	0.068	0.025	rRNA	PAO1
GGGUACGUUUUCGAGCAGUUUGAAAUCGCCUGCUAUACCUC	0.423	0.179	mRNA	kleb
AUGGCUGGUACCACCCGUGCUCUGGUGAACAACAUGGUAGU	0.109	0.036	mRNA	PAO1
GCAGUUUGACUGGGGCGGUCUCCUCCUAAAGAGUAACGGAG	0.122	0.035	rRNA	PAO1
GAAGGUGCGGCUGGAUCACCUCCUUUCUAUGGAGAAUUGAU	0.255	0.096	rRNA	BC
ACUAUGACGUCGUUAUCGCUUCCCCGGACGCAAUGCGCGUU	0.324	0.035	mRNA	PS
UACUGGCACCGUAAAGUGGUUCAACACCUCCAAGGGCUUCG	0.517	0.213	mRNA	PS
CAACUACCCGGUGUGCAGGCUCUCGCACGCGCAGUUCCCGG	0.204	0.067	mRNA	PS
GCAGACAGCACGUUUUCGUGUUGUUUGCCUCUUGAGGAUGU	0.747	0.07	mRNA	PS
UGACUCCGUCAUGCGCUGGUUCGAAUCCAGCUAGCCCAGCC	0.978	0.806	tRNA	BC
AGAUGGCGAUAAGGCCAAGAUCACGCUGCGUUUCCGCGGUC	0.123	0.03	mRNA	kleb
GCGUAGGUGGUUCAGCAAGUUGGAUGUGAAAUCCCCGGGCU	0.333	0.108	rRNA	PAO1
GGUGGAGUGGCAUGUCCAGGUCGGCGACUCGGUCAAUGAAG	0.16	0.037	mRNA	PAO1
AAAGGCGAAGUAAUUGGUGGUCGCCAAGAAGAACUGAAACC	0.307	0.08	mRNA	PS
UAAAUUCGCUGCUGCAAACUUAUAGUUGCCAACGACGACAA	0.326	0.049	tmRNA	PAO1
GGCUUGACCAGCGGCUCGGCUCACCCGAACACCGUUAAAGU	0.17	0.026	mRNA	PS
CAGGCUGCACGUACCUGUGCUGCUGCCGACCGUACUGGUCA	0.487	0.061	mRNA	PS
AUUCCGCCAACGGCUGCCGGUCGCACCGCGCUGAAAAACCU	0.146	0.033	mRNA	PS
GGUGAUAUCAAUAUCUUCGCUCUGGUUGCUAUCGGUUUGCU	0.204	0.067	mRNA	PS
CCAAGAUCGCCUUCACCGGUUCCACCCCGGUCGGCUCGCAC	0.604	0.25	mRNA	PAO1
UUCCAGCGCGAGCAUGCCGCUCUGCUGGCGAAGAUCAACGA	0.181	0.059	mRNA	PAO1
CGGUGGUAACGCCCUGAAGUUCUACGCUUCGGUACGUCUGG	0.736	0.431	mRNA	PS
GUGAACGUCGUUGGCGAGUUUGAAGACUCCACGGCCCUUAU	0.534	0.25	mRNA	kleb
ACCGUAACUUCGGGAGAAGGUGCGCCGGUGAGGGUGAAGCA	0.626	0.269	rRNA	PS
UAACAGCGGCAACGAGACGCUCUGCCGCUCGGUGAAAAACG	0.184	0.06	mRNA	kleb
ACCAAGGCGCUUGAGAGAACUCGGGUGAAGGAACUAGGCAA	0.332	0.069	rRNA	PAO1
AUCGAAUCCGUCACUGGCGCUCUGAAGGCUGGCGACUCGGU	0.072	0.026	mRNA	PS
ACAAGGAGGGGGUCGGCGGUUCGAUCCCGUCAUCACCCACC	1	0.896	tRNA	kleb
CUGGACCAUCAGCUACCUGGUGAUGGACCUGGCUAGCAAGC	0.236	0.105	mRNA	PS
ACCAAGGCGCUUGAGAGAACUCGGGUGAAGGAACUAGGCAA	0.337	0.07	rRNA	PAO1
AGGGUGUGACGCCUGCCCGGUGCCGGAAGGUUAAUUGAUGG	0.322	0.111	rRNA	PS
AUUGGAACAUUUGUCCAACUUCCGAAAGUGGAACAAAAAUU	0.352	0.039	mRNA	BC
CCUCCGGACAGGUGUGGUGCUCUGACGGCGGGGAUGGUGUG	0.082	0.028	mRNA	kleb
AUUUAAAGUGGUACGCGAGCUGGGUUUAGAACGUCGUGAGA	1	0.941	rRNA	Ecoli
UUUAGAACGUCGUGAGACAGUUCGGUCCCUAUCUGCCGUGG	1	0.957	rRNA	Ecoli
AACGAGGAAAUCAAGGCCGCUCUGCGUCAGCGUACUAUCGC	0.105	0.035	mRNA	PS
UCCAAGCUGAUGAUGCGGGUUCGAUUCCCGCUACCCGCUCC	0.906	0.658	tRNA	PAO1
UCCCCCUCCCCAUACGAAGCUCGGGGUUUUUUUUGCCUGGA	0.175	0.032	mRNA	PAO1
GUCCAUCGAGAAGUCGCAACUCGACGAGAUCCGUAAGGAUC	0.222	0.041	mRNA	PS
UAGUUCUGCUGUCUUGUCUCUCAUGGCCGCUGGCUGGCUUU	0.165	0.035	mRNA	kleb
CAGCUGCGUAUUGUCCAGGCUCUCGAUCUGUGUGCCCAACG	0.064	0.023	mRNA	PS
GUUAGCGCAAGCGAAGCUCUUGAUCGAAGCCCCGGUAAACG	0.35	0.144	rRNA	PAO1
CCUAACCGCGGCGAGAUCGUUGCUGUAGGUACCGGCCGCGU	0.105	0.021	mRNA	PS
GCCGAUGGUAGUGUGGGGUUUCCCCAUGUGAGAGUAGGUCA	0.362	0.044	rRNA	PS
AUGAAGCAGUACCCGUCCACUUCCACCACCGUUGAAGGUCA	0.232	0.022	mRNA	PAO1
CAUCUUCAGCCGUGCCGGCCUGAGCCCGCGUUGCGGCGUGG	0.359	0.09	mRNA	PAO1
GUACUCCGGGGAUAACAGGCUGAUACCGCCCAAGAGUUCAU	0.999	0.76	rRNA	PS
GGGACCAGGGGGUCGCAGGUUCAAAUCCUGUCUUCCCGACC	0.918	0.667	tRNA	BC
AAUAUCGACGACGGCACGCCUGGAAGCGGCGAUGGCACCGA	0.706	0.348	mRNA	PS
GCGCCAGGUCUGCAAGGACGUGGCCGUGACACGCCAGCGUC	0.306	0.155	mRNA	PAO1
GAGUCGAUUUGAAAUCGGUCUCAGGUUUUUUCUAUGAGAAA	0.424	0.118	mRNA	BC
AACUUCCUGCGCCAGAUCGUUCAAGCCGACCUGGAUGCCGG	0.602	0.273	mRNA	PAO1
AGUUCGGUCCCUAUCUGCCGUGGACGUUUGAGAUUUGAGAG	0.051	0.023	rRNA	PAO1
UUAGAACGUCGUGAGACAGUUCGGUCCCUAUCUGCCGUGGA	1	0.859	rRNA	PS
UUAGAACGUCGUGAGACAGUUCGGUCCCUAUCUGCCGUGGA	1	0.924	rRNA	PS
AUGUAACAGGUGUAAUUGGUUCAAAACCACCGCACAUUUUA	0.407	0.15	mRNA	BC
CCCGGAUAUCGUCUGGGACUUCCGCCUGCCGCGUGUGAAAU	0.469	0.059	mRNA	Ecoli
CUGAAAUUCUCUGCUCUGGCUCUGGCCGCAGUUCUGGCUAC	0.095	0.032	mRNA	PS
UUAAUCAUUGGGUCCCUGGUUCGAGUCCAGGUCGCGGAGCC	0.581	0.276	tRNA	PAO1
CCAAGGUCGGGGUCGCGAGUUCGAGUCUCGUUUCCCGCUCC	1	0.859	tRNA	PAO1
GCCCCGGUAAACGGCGGCCGUAACUAUAACGGUCCUAAGGU	0.986	0.727	rRNA	PS
UGGCUCCGGCAUUCGUGGGUUCGAUUCCCAUCAGUCGCCCC	0.941	0.725	tRNA	BC
AUAACCCGAAGGUCGCAGGUUCAAAUCCUGUCCCCGCAACC	0.801	0.476	tRNA	BC
AAAUCACCGAGUCCAACGGUUCCAGCUCCAUGGCUUCGGUC	0.487	0.175	mRNA	PS
CGGAUCAAGAGGUUAGGGGUUCGACUCCUCUCGGGCGCGCU	0.673	0.354	tRNA	BC
GCGGCACCACCAACCGUGACUGGUGGCCCAAGCAGCUGAAU	0.198	0.039	mRNA	PS
UACGGCGAGAUGAUCGAGUUUCCGGGCGGCGUCUACGGUAU	0.21	0.021	mRNA	PS
GUAGAGCAGUUGACUUUUAAUCAAUUGGUCGCAGGUUCGAA	0.785	0.194	tRNA	kleb
CUAUGAGUUCCCACAACCGCUGCACGAUGCGCUGGAUAAAU	0.274	0.026	mRNA	Ecoli
CUGAGCCCGCAGCAGGUCGCUCGGCUGCGCGACGAGCACGC	0.21	0.04	mRNA	PAO1
CGUUCUGCAGGUUGUAGAGCUGAUCAAGGCGUUCGAAGAGA	0.224	0.028	mRNA	PS
CACGGGAGACACACGGCGGGUGCUAACGUCCGUCGUGAAGA	1	0.973	rRNA	Ecoli
UAUCACUUAAUGAUUCCGGUUGUAGAAAUGGACGGAAAACA	0.226	0.073	mRNA	BC
CUAAGCGUACGGUCGGGAGUUCGAAUCUCUCCUGGGACGCU	0.982	0.815	tRNA	BC
GUGGUGGUGAAGGUCGUACCUCUGGUGGUCGUCAUCCGGUA	0.059	0.021	mRNA	PS
GUCGACUAAAGGACAGCCUUUGUGCUGUCCUUUUUUAUUUU	0.207	0.069	mRNA	BC
AAGGCUGACGGCUCUCUGGCUCUGGCCAGCACCAUCGGUGC	0.063	0.023	mRNA	PS
GCACGCAGGAGGUCAGCGGUUCGAUCCCGCUAGGCUCCACC	0.938	0.719	tRNA	BC
ACUUCAGUGUCCCCUUCGUCUAGAGGCCCAGGACACCGCCC	0.973	0.733	tRNA	kleb
CUGGCUGCAAUUACUGAGUCUCUGAAAGAAGGCGAUGCUGU	0.161	0.043	mRNA	Ecoli
CCAGAUUGCUUGGGGUUAUAUGGUCAAGUGAAGAAGCGCAU	0.221	0.039	rRNA	PS
GAUAUGGCAUUAUUUAUGGUUCAAAACCAUCUGACAGAACA	0.439	0.167	mRNA	BC
GAGUACUGGCGGACGGGGGUUCAAAUCCCCCCGGCUCCACC	1	0.875	misc_RNA	PS
